scientific_name,dive_site,mean_prob_across_seasons,l95_mean,u95_mean,site_rank
Aetobatus ocellatus,North Twin,0.6007295881443742,NA,NA,1
Aetobatus ocellatus,Seafan Forest,0.4946447128243831,NA,NA,2
Aetobatus ocellatus,Koh Bon,0.3487167298630955,NA,NA,3
Aetobatus ocellatus,Richelieu Rock,0.2779592547656391,NA,NA,4
Aetobatus ocellatus,Mergui Archipelago,0.19537130724735052,NA,NA,5
Aetobatus ocellatus,Western Rocky,0.14691998584171612,NA,NA,6
Aetobatus ocellatus,Similan Islands,0.09834436379384355,NA,NA,7
Aetobatus ocellatus,Koh Tachai,0.09753898612581562,NA,NA,8
Aetobatus ocellatus,Koh Chi,0.08802653049835178,NA,NA,9
Aetobatus ocellatus,Surin Islands,0.07427124078939357,NA,NA,10
Aetobatus ocellatus,Shark Cave,0.0657710299333375,NA,NA,11
Aetobatus ocellatus,Burma Banks,0.057180396215210684,NA,NA,12
Aetobatus ocellatus,Black Rock,0.02155997763773542,NA,NA,13
Aetobatus ocellatus,8 Mile Rock,3.298151589555696e-9,NA,NA,14
Aetobatus ocellatus,Shark Point,5.009395993775178e-20,NA,NA,15
Aetobatus ocellatus,Shark Fin Reef,3.32391736098685e-20,NA,NA,16
Aetobatus ocellatus,Koh Bida Nok,3.01845808109356e-20,NA,NA,17
Aetobatus ocellatus,Three Trees,1.2555104767677353e-21,NA,NA,18
Aetobatus ocellatus,Elephant Head Rock,1.1647317560186921e-21,NA,NA,19
Carcharhinus melanopterus,Koh Bida Nok,0.9999999978027231,NA,NA,1
Carcharhinus melanopterus,Shark Point,0.9129255955055776,NA,NA,2
Carcharhinus melanopterus,Koh Tachai,0.2599262031159267,NA,NA,3
Carcharhinus melanopterus,Koh Chi,1.2506979029761007e-4,NA,NA,4
Carcharhinus melanopterus,Surin Islands,2.2034232588463774e-5,NA,NA,5
Carcharhinus melanopterus,Similan Islands,1.945688261240218e-12,NA,NA,6
Carcharhinus melanopterus,Black Rock,1.0126378581180214e-13,NA,NA,7
Carcharhinus melanopterus,Shark Cave,9.838994965172777e-14,NA,NA,8
Carcharhinus melanopterus,Richelieu Rock,5.162028643865407e-15,NA,NA,9
Carcharhinus melanopterus,Burma Banks,1.3947574622876434e-15,NA,NA,10
Carcharhinus melanopterus,Koh Bon,9.468973907853022e-22,NA,NA,11
Carcharhinus melanopterus,8 Mile Rock,3.515434523314143e-24,NA,NA,12
Carcharhinus melanopterus,Mergui Archipelago,1.7789967320328655e-28,NA,NA,13
Carcharhinus melanopterus,North Twin,3.612385466378368e-44,NA,NA,14
Carcharhinus melanopterus,Western Rocky,1.2901069791381259e-45,NA,NA,15
Carcharhinus melanopterus,Shark Fin Reef,6.821739568849067e-46,NA,NA,16
Carcharhinus melanopterus,Elephant Head Rock,1.0275959378544547e-47,NA,NA,17
Carcharhinus melanopterus,Seafan Forest,1.3862074246854394e-48,NA,NA,18
Carcharhinus melanopterus,Three Trees,5.298295585349278e-51,NA,NA,19
Mobula birostris,Black Rock,0.657713710465706,NA,NA,1
Mobula birostris,Koh Tachai,0.3427384124346444,NA,NA,2
Mobula birostris,Koh Bon,0.3055459612475178,NA,NA,3
Mobula birostris,Seafan Forest,0.20749760449151372,NA,NA,4
Mobula birostris,North Twin,0.20418645819199993,NA,NA,5
Mobula birostris,Similan Islands,0.1961223462612307,NA,NA,6
Mobula birostris,Mergui Archipelago,0.13990868857303362,NA,NA,7
Mobula birostris,Richelieu Rock,0.10062083943190757,NA,NA,8
Mobula birostris,Burma Banks,0.09808877333669405,NA,NA,9
Mobula birostris,Surin Islands,0.05548511779649474,NA,NA,10
Mobula birostris,8 Mile Rock,4.204695056141668e-29,NA,NA,11
Mobula birostris,Three Trees,1.6747152388046127e-50,NA,NA,12
Mobula birostris,Western Rocky,2.3710812598846956e-52,NA,NA,13
Mobula birostris,Elephant Head Rock,3.309872364863768e-54,NA,NA,14
Mobula birostris,Shark Point,1.3399121582620145e-54,NA,NA,15
Mobula birostris,Shark Fin Reef,1.918735397591366e-58,NA,NA,16
Mobula birostris,Koh Bida Nok,9.022248447067358e-61,NA,NA,17
Mobula birostris,Shark Cave,7.508182269360243e-61,NA,NA,18
Mobula birostris,Koh Chi,1.1106381190272298e-63,NA,NA,19
Nebrius ferrugineus,Burma Banks,0.7732960573639641,NA,NA,1
Nebrius ferrugineus,Mergui Archipelago,0.4257064466227514,NA,NA,2
Nebrius ferrugineus,Shark Cave,0.2689870458997211,NA,NA,3
Nebrius ferrugineus,Three Trees,0.19665794275229143,NA,NA,4
Nebrius ferrugineus,North Twin,0.1435350518500367,NA,NA,5
Nebrius ferrugineus,Elephant Head Rock,0.1372103860375438,NA,NA,6
Nebrius ferrugineus,Similan Islands,0.06330900629196977,NA,NA,7
Nebrius ferrugineus,Black Rock,0.052486954776242295,NA,NA,8
Nebrius ferrugineus,8 Mile Rock,1.041137713281531e-9,NA,NA,9
Nebrius ferrugineus,Koh Bon,1.248842541202909e-14,NA,NA,10
Nebrius ferrugineus,Koh Chi,1.0613703782830656e-14,NA,NA,11
Nebrius ferrugineus,Western Rocky,1.0113042222160277e-14,NA,NA,12
Nebrius ferrugineus,Shark Point,8.917538453274823e-15,NA,NA,13
Nebrius ferrugineus,Shark Fin Reef,7.811192075405059e-15,NA,NA,14
Nebrius ferrugineus,Koh Bida Nok,6.087703100509667e-15,NA,NA,15
Nebrius ferrugineus,Surin Islands,5.929431562875787e-15,NA,NA,16
Nebrius ferrugineus,Koh Tachai,4.663162528028978e-15,NA,NA,17
Nebrius ferrugineus,Richelieu Rock,1.999435429524234e-15,NA,NA,18
Nebrius ferrugineus,Seafan Forest,3.512902565293318e-16,NA,NA,19
Neotrygon kuhlii,Three Trees,0.7499594840324932,NA,NA,1
Neotrygon kuhlii,North Twin,4.8328986987409474e-5,NA,NA,2
Neotrygon kuhlii,Koh Chi,4.327519972312604e-5,NA,NA,3
Neotrygon kuhlii,Richelieu Rock,3.808440577700845e-5,NA,NA,4
Neotrygon kuhlii,Koh Tachai,1.208567567578397e-5,NA,NA,5
Neotrygon kuhlii,Similan Islands,8.723207185984028e-6,NA,NA,6
Neotrygon kuhlii,Mergui Archipelago,7.796513342446359e-6,NA,NA,7
Neotrygon kuhlii,Burma Banks,7.64089403773469e-6,NA,NA,8
Neotrygon kuhlii,Surin Islands,7.2879044341227934e-6,NA,NA,9
Neotrygon kuhlii,Shark Cave,1.8447128746127269e-9,NA,NA,10
Neotrygon kuhlii,8 Mile Rock,5.599770773419236e-17,NA,NA,11
Neotrygon kuhlii,Black Rock,1.0212883148262043e-22,NA,NA,12
Neotrygon kuhlii,Koh Bon,3.0663165017618374e-23,NA,NA,13
Neotrygon kuhlii,Elephant Head Rock,3.557341825181039e-26,NA,NA,14
Neotrygon kuhlii,Shark Fin Reef,4.220723726029711e-27,NA,NA,15
Neotrygon kuhlii,Seafan Forest,2.8277218257544458e-27,NA,NA,16
Neotrygon kuhlii,Koh Bida Nok,3.330096091231633e-28,NA,NA,17
Neotrygon kuhlii,Shark Point,1.0604267261713948e-28,NA,NA,18
Neotrygon kuhlii,Western Rocky,6.518287646682982e-29,NA,NA,19
Pateobatis jenkinsii,Mergui Archipelago,0.13551726528328573,NA,NA,1
Pateobatis jenkinsii,Western Rocky,0.07737659304249006,NA,NA,2
Pateobatis jenkinsii,Richelieu Rock,0.06481454488568811,NA,NA,3
Pateobatis jenkinsii,Koh Chi,0.05923965372409097,NA,NA,4
Pateobatis jenkinsii,Similan Islands,0.05793808578949179,NA,NA,5
Pateobatis jenkinsii,Koh Bon,0.05578882423186902,NA,NA,6
Pateobatis jenkinsii,Surin Islands,0.05139540616114323,NA,NA,7
Pateobatis jenkinsii,Black Rock,0.03451086158575228,NA,NA,8
Pateobatis jenkinsii,Elephant Head Rock,0.031893086743158175,NA,NA,9
Pateobatis jenkinsii,8 Mile Rock,2.787102291540296e-13,NA,NA,10
Pateobatis jenkinsii,Burma Banks,2.9424836967445017e-17,NA,NA,11
Pateobatis jenkinsii,Seafan Forest,2.459695340829989e-19,NA,NA,12
Pateobatis jenkinsii,Shark Cave,1.2188672177662629e-20,NA,NA,13
Pateobatis jenkinsii,North Twin,3.8749040984749154e-22,NA,NA,14
Pateobatis jenkinsii,Koh Tachai,1.4660630666049982e-22,NA,NA,15
Pateobatis jenkinsii,Shark Point,2.9803123880762134e-23,NA,NA,16
Pateobatis jenkinsii,Shark Fin Reef,2.520283298694539e-24,NA,NA,17
Pateobatis jenkinsii,Koh Bida Nok,7.3277455429432825e-25,NA,NA,18
Pateobatis jenkinsii,Three Trees,1.0318170838444472e-26,NA,NA,19
Rhinobatidae spp,Koh Chi,3.717533158812942e-4,NA,NA,1
Rhinobatidae spp,Elephant Head Rock,2.530062870463606e-4,NA,NA,2
Rhinobatidae spp,Koh Bon,2.1285760353927612e-4,NA,NA,3
Rhinobatidae spp,Shark Point,1.793942798116559e-4,NA,NA,4
Rhinobatidae spp,Similan Islands,7.396640862863199e-5,NA,NA,5
Rhinobatidae spp,Surin Islands,3.1723310557519894e-5,NA,NA,6
Rhinobatidae spp,Richelieu Rock,3.025204493280558e-5,NA,NA,7
Rhinobatidae spp,Mergui Archipelago,2.2121894800451478e-5,NA,NA,8
Rhinobatidae spp,8 Mile Rock,4.38324476137447e-16,NA,NA,9
Rhinobatidae spp,Black Rock,1.3769226789877473e-17,NA,NA,10
Rhinobatidae spp,North Twin,2.3083940518959533e-19,NA,NA,11
Rhinobatidae spp,Burma Banks,1.474738351424072e-19,NA,NA,12
Rhinobatidae spp,Seafan Forest,5.022316711894708e-20,NA,NA,13
Rhinobatidae spp,Shark Cave,3.1059752826090873e-20,NA,NA,14
Rhinobatidae spp,Western Rocky,2.969503797906419e-20,NA,NA,15
Rhinobatidae spp,Three Trees,1.5467381958058264e-25,NA,NA,16
Rhinobatidae spp,Koh Bida Nok,2.1225431404496688e-26,NA,NA,17
Rhinobatidae spp,Koh Tachai,1.239164958650656e-28,NA,NA,18
Rhinobatidae spp,Shark Fin Reef,2.950268490447919e-31,NA,NA,19
Rhinocodon typus,Richelieu Rock,0.2500040600398308,NA,NA,1
Rhinocodon typus,Koh Chi,0.2500021820556555,NA,NA,2
Rhinocodon typus,Mergui Archipelago,0.24999416267133595,NA,NA,3
Rhinocodon typus,8 Mile Rock,5.913714495700629e-4,NA,NA,4
Rhinocodon typus,Three Trees,3.030917791924446e-5,NA,NA,5
Rhinocodon typus,Shark Fin Reef,2.7255314482980658e-5,NA,NA,6
Rhinocodon typus,Similan Islands,1.3745962503378228e-5,NA,NA,7
Rhinocodon typus,Elephant Head Rock,1.2113471713789499e-5,NA,NA,8
Rhinocodon typus,Koh Tachai,1.142262051085501e-6,NA,NA,9
Rhinocodon typus,North Twin,1.1265403736544672e-6,NA,NA,10
Rhinocodon typus,Shark Cave,8.934486798742952e-7,NA,NA,11
Rhinocodon typus,Surin Islands,4.057050636037626e-7,NA,NA,12
Rhinocodon typus,Koh Bon,3.4856609219631626e-7,NA,NA,13
Rhinocodon typus,Shark Point,6.834011955041717e-9,NA,NA,14
Rhinocodon typus,Western Rocky,6.132644597489356e-10,NA,NA,15
Rhinocodon typus,Black Rock,2.1062481259326842e-10,NA,NA,16
Rhinocodon typus,Koh Bida Nok,7.741316968192078e-16,NA,NA,17
Rhinocodon typus,Seafan Forest,4.649265019441127e-16,NA,NA,18
Rhinocodon typus,Burma Banks,1.382565163391168e-19,NA,NA,19
Stegostoma tigrinum,Shark Point,0.9999954315992748,NA,NA,1
Stegostoma tigrinum,Elephant Head Rock,6.615843114414523e-5,NA,NA,2
Stegostoma tigrinum,Koh Bon,1.859176953512475e-5,NA,NA,3
Stegostoma tigrinum,North Twin,8.718513883803317e-7,NA,NA,4
Stegostoma tigrinum,Similan Islands,5.331134718768056e-7,NA,NA,5
Stegostoma tigrinum,Mergui Archipelago,7.274948937555748e-8,NA,NA,6
Stegostoma tigrinum,Richelieu Rock,6.309518487152626e-12,NA,NA,7
Stegostoma tigrinum,Surin Islands,1.6250090340873462e-12,NA,NA,8
Stegostoma tigrinum,8 Mile Rock,1.9619651392788354e-13,NA,NA,9
Stegostoma tigrinum,Western Rocky,1.0516336214809743e-13,NA,NA,10
Stegostoma tigrinum,Shark Fin Reef,6.787714458668961e-14,NA,NA,11
Stegostoma tigrinum,Burma Banks,3.541105746179793e-14,NA,NA,12
Stegostoma tigrinum,Koh Bida Nok,3.018858050521156e-16,NA,NA,13
Stegostoma tigrinum,Koh Chi,1.3272370716054528e-16,NA,NA,14
Stegostoma tigrinum,Black Rock,3.456191477226062e-18,NA,NA,15
Stegostoma tigrinum,Three Trees,4.166762371242179e-21,NA,NA,16
Stegostoma tigrinum,Seafan Forest,3.5735088472173788e-25,NA,NA,17
Stegostoma tigrinum,Shark Cave,1.0845205805781825e-25,NA,NA,18
Stegostoma tigrinum,Koh Tachai,1.6525923603757708e-27,NA,NA,19
Taeniurops meyeni,Western Rocky,0.7283028831188654,0.17206677916011662,0.972379518093666,1
Taeniurops meyeni,Shark Cave,0.5484387610677673,0.2423888910786039,0.8223481198984379,2
Taeniurops meyeni,Mergui Archipelago,0.46124139707035333,0.22460493716870225,0.7170060735635034,3
Taeniurops meyeni,Burma Banks,0.24709595404910778,0.07457715619635703,0.5735230576851217,4
Taeniurops meyeni,Koh Bon,0.23870868676010237,0.07557272138129412,0.5484387408058526,5
Taeniurops meyeni,Similan Islands,0.133673430909109,0.02771205546691776,0.45737280691487736,6
Taeniurops meyeni,Black Rock,0.12658431788063942,0.026492295120600612,0.43569077832116093,7
Taeniurops meyeni,Seafan Forest,0.10807236175763964,0.010427521879468278,0.5772996697746411,8
Taeniurops meyeni,8 Mile Rock,0.10369106394189467,0.009692446109063071,0.5747852190269958,9
Taeniurops meyeni,Shark Fin Reef,0.09551915084083465,0.0076373668417883,0.588372050750427,10
Taeniurops meyeni,North Twin,0.09384343075209634,0.007322846394773407,0.5870355180878436,11
Taeniurops meyeni,Surin Islands,0.0707081551127568,0.01221083587632523,0.3221173749419413,12
Taeniurops meyeni,Koh Tachai,0.049220362291556186,0.005048144413488501,0.34457553501399996,13
Taeniurops meyeni,Richelieu Rock,0.030474261308011223,0.0031782470942142973,0.23742277276352772,14
Taeniurops meyeni,Koh Chi,3.858298559533646e-10,0,1,15
Taeniurops meyeni,Shark Point,2.3242751922728058e-10,0,1,16
Taeniurops meyeni,Elephant Head Rock,1.655005959910916e-10,0,1,17
Taeniurops meyeni,Koh Bida Nok,1.5972756155675238e-10,0,1,18
Taeniurops meyeni,Three Trees,1.0472946193302948e-10,0,1,19
Triaenodon obesus,Shark Fin Reef,0.751770401386039,NA,NA,1
Triaenodon obesus,Elephant Head Rock,0.7509568685976205,NA,NA,2
Triaenodon obesus,Mergui Archipelago,3.890226026473138e-6,NA,NA,3
Triaenodon obesus,Surin Islands,2.3120470860103617e-6,NA,NA,4
Triaenodon obesus,Similan Islands,1.6161438382478927e-6,NA,NA,5
Triaenodon obesus,Koh Tachai,1.1337530438434065e-6,NA,NA,6
Triaenodon obesus,Shark Cave,9.329842829085197e-7,NA,NA,7
Triaenodon obesus,Richelieu Rock,7.020871737346056e-7,NA,NA,8
Triaenodon obesus,Koh Bon,1.8635233907092023e-12,NA,NA,9
Triaenodon obesus,8 Mile Rock,2.275321480846386e-16,NA,NA,10
Triaenodon obesus,Burma Banks,8.781182321577229e-20,NA,NA,11
Triaenodon obesus,Seafan Forest,6.892292110968727e-21,NA,NA,12
Triaenodon obesus,Koh Chi,5.994767516263239e-22,NA,NA,13
Triaenodon obesus,Shark Point,3.7947733898734456e-22,NA,NA,14
Triaenodon obesus,North Twin,2.7742563643067387e-22,NA,NA,15
Triaenodon obesus,Western Rocky,1.1856063108888607e-22,NA,NA,16
Triaenodon obesus,Three Trees,3.942307649061035e-23,NA,NA,17
Triaenodon obesus,Koh Bida Nok,8.810160645280303e-24,NA,NA,18
Triaenodon obesus,Black Rock,8.073737055086786e-57,NA,NA,19
