scientific_name,season,dive_site,year_c,prob,l95,u95,eta,se
Taeniurops meyeni,early,8 Mile Rock,8,0.1413753164121832,0.015538128860363454,0.6320382159399056,-1.8039137314842382,1.1963696464024014
Taeniurops meyeni,early,Black Rock,8,0.17126440821354516,0.04258990735800875,0.4898087657667662,-1.576692546715883,0.7836336546829991
Taeniurops meyeni,early,Burma Banks,8,0.32091152910110904,0.12286202855902961,0.614538536304521,-0.7495859400799765,0.6204165077701372
Taeniurops meyeni,early,Elephant Head Rock,8,2.335839627422548e-10,0,1,-22.17747951974205,19613.227713353343
Taeniurops meyeni,early,Koh Bida Nok,8,2.254360267661104e-10,0,1,-22.21298469205994,21226.5225234411
Taeniurops meyeni,early,Koh Bon,8,0.31090834128664185,0.12535492865762152,0.5868398666964054,-0.7958761474910423,0.5850984085842643
Taeniurops meyeni,early,Koh Chi,8,5.445519162731355e-10,0,1,-21.331057830865397,17810.78792023649
Taeniurops meyeni,early,Koh Tachai,8,0.06834274307846616,0.008070014423851904,0.39810625876989686,-2.6124296123874156,1.1219732876162412
Taeniurops meyeni,early,Mergui Archipelago,8,0.5563789490140847,0.3520053779288733,0.7433004066380297,0.2264789158341407,0.42689533632174015
Taeniurops meyeni,early,North Twin,8,0.12837243109420504,0.011701819651326235,0.6468877856279667,-1.9154265756993634,1.286129348480908
Taeniurops meyeni,early,Richelieu Rock,8,0.042578453621337976,0.005138608783154122,0.2768842342600932,-3.1128954400138946,1.098431430641
Taeniurops meyeni,early,Seafan Forest,8,0.14713213637130948,0.015669571745777662,0.6515124042919451,-1.7572735577697096,1.2157996722203934
Taeniurops meyeni,early,Shark Cave,8,0.6417879155252911,0.36644834464364207,0.8473219554019134,0.5831326737372282,0.5768452248578206
Taeniurops meyeni,early,Shark Fin Reef,8,0.130591283254222,0.01258391871228167,0.6390377295138507,-1.8957408738942823,1.2586382306985846
Taeniurops meyeni,early,Shark Point,8,3.2804317510240813e-10,0,1,-21.837875884469234,21901.707661905162
Taeniurops meyeni,early,Similan Islands,8,0.1804240323056943,0.04646827318455986,0.49861209334036194,-1.5134772784134658,0.769349815059266
Taeniurops meyeni,early,Surin Islands,8,0.09747701066395006,0.020537323962538087,0.35746243974087005,-2.2255776006917625,0.8363176627736653
Taeniurops meyeni,early,Three Trees,8,1.478128981238802e-10,0,1,-22.635073843659598,27992.507174397117
Taeniurops meyeni,early,Western Rocky,8,0.8004142358513037,0.2550503213093142,0.9791560339935951,1.3888853490390622,1.2554801814275762
Taeniurops meyeni,mid,8 Mile Rock,8,0.07451196055829916,0.006785785869790924,0.48685131986967617,-2.519361551676002,1.2585483174192202
Taeniurops meyeni,mid,Black Rock,8,0.09177598764433802,0.020750253826897436,0.3251832068260078,-2.2921403669076468,0.7969836057190807
Taeniurops meyeni,mid,Burma Banks,8,0.18769863177901233,0.05927773278438355,0.45868111650115073,-1.4650337602717405,0.6629492117076687
Taeniurops meyeni,mid,Elephant Head Rock,8,1.1421627222200783e-10,0,1,-22.892927339933813,19613.227719541777
Taeniurops meyeni,mid,Koh Bida Nok,8,1.1023215078370093e-10,0,1,-22.928432512251707,21226.522526228375
Taeniurops meyeni,mid,Koh Bon,8,0.18074266409147383,0.05861528653064134,0.4387364797261963,-1.5113239676828063,0.6454246929633607
Taeniurops meyeni,mid,Koh Chi,8,2.662712336402241e-10,0,1,-22.04650565105716,17810.787920534913
Taeniurops meyeni,mid,Koh Tachai,8,0.03462711358849518,0.003576080000625644,0.26388959405154927,-3.3278774325791796,1.1745041471135476
Taeniurops meyeni,mid,Mergui Archipelago,8,0.38013649750371725,0.184438269192107,0.6244839661382475,-0.4889689043576233,0.5089762186485757
Taeniurops meyeni,mid,North Twin,8,0.06717763600161095,0.005474101885765901,0.4851266703865427,-2.6308743958911274,1.3119201634123896
Taeniurops meyeni,mid,Richelieu Rock,8,0.02128280499166247,0.0022842414367236154,0.17118500524544156,-3.8283432602056586,1.1485159032785923
Taeniurops meyeni,mid,Seafan Forest,8,0.0777927761305301,0.007119152594678795,0.498094811130704,-2.4727213779614736,1.257704380409238
Taeniurops meyeni,mid,Shark Cave,8,0.46696938906004476,0.19545236894996781,0.7595717656161574,-0.1323151464545358,0.6544124037493959
Taeniurops meyeni,mid,Shark Fin Reef,8,0.06842179717941531,0.005555669746978489,0.4912478312064957,-2.6111886940860463,1.3143757360614543
Taeniurops meyeni,mid,Shark Point,8,1.6040428525146805e-10,0,1,-22.553323704661,21901.70766563977
Taeniurops meyeni,mid,Similan Islands,8,0.09718291028007038,0.02043183186236628,0.35713234818764483,-2.22892509860523,0.8372921740130317
Taeniurops meyeni,mid,Surin Islands,8,0.05016239331331729,0.008779249929197375,0.2394850908950081,-2.9410254208835265,0.9109800351956762
Taeniurops meyeni,mid,Three Trees,8,7.227652965169511e-11,0,1,-23.35052166385136,27992.507178366723
Taeniurops meyeni,mid,Western Rocky,8,0.6622724515732922,0.12833054184419782,0.9631259469331134,0.6734375288472982,1.3210400640951907
Taeniurops meyeni,late,8 Mile Rock,8,0.08410169982077487,0.007240105642741754,0.5362104773013396,-2.3878785538306095,1.2923339208756215
Taeniurops meyeni,late,Black Rock,8,0.10333952344945596,0.02159152726626664,0.3757355569537307,-2.160657369062254,0.843351476281698
Taeniurops meyeni,late,Burma Banks,8,0.2085726340117848,0.05926982150423267,0.5243443782741952,-1.3335507624263478,0.7301047615840287
Taeniurops meyeni,late,Elephant Head Rock,8,1.3026577332820034e-10,0,1,-22.76144434208842,19613.227720550214
Taeniurops meyeni,late,Koh Bida Nok,8,1.2572180905682512e-10,0,1,-22.796949514406315,21226.52252836288
Taeniurops meyeni,late,Koh Bon,8,0.20103454190591388,0.0655143592712133,0.4745333006512756,-1.3798409698374137,0.6519826260634457
Taeniurops meyeni,late,Koh Chi,8,3.0368727230946247e-10,0,1,-21.915022653211768,17810.787926260447
Taeniurops meyeni,late,Koh Tachai,8,0.03930163227141934,0.003887743080435382,0.3001134428333871,-3.196394434733787,1.1987942448828905
Taeniurops meyeni,late,Mergui Archipelago,8,0.41156829302662506,0.19027677190257394,0.67551607915858225,-0.35748590651223067,0.5564933074602164
Taeniurops meyeni,late,North Twin,8,0.07590085629499455,0.0057138867912453605,0.5400000169489533,-2.4993913980457347,1.3570072022211304
Taeniurops meyeni,late,Richelieu Rock,8,0.02420105680900747,0.00248507738983033,0.19801339625452805,-3.696860262360266,1.17250155329057
Taeniurops meyeni,late,Seafan Forest,8,0.08776471692379526,0.008047743100624961,0.5329040085724236,-2.341238380116081,1.2617576050681463
Taeniurops meyeni,late,Shark Cave,8,0.4997919628597191,0.20235374439432927,0.7973774937979969,-8.321486091431574e-4,0.6993957582400758
Taeniurops meyeni,late,Shark Fin Reef,8,0.07729318896131646,0.005855369525937359,0.543666523221821,-2.4797056962406536,1.3544989262162943
Taeniurops meyeni,late,Shark Point,8,1.8294405741669714e-10,0,1,-22.42184070681561,21901.707666348477
Taeniurops meyeni,late,Similan Islands,8,0.10934568415730261,0.022140333981879017,0.3996511060002945,-2.0974421007598374,0.8625117632828623
Taeniurops meyeni,late,Surin Islands,8,0.05681069429304151,0.009621160676423728,0.27190828113399573,-2.809542423038134,0.9309082668578382
Taeniurops meyeni,late,Three Trees,8,8.243272035977014e-11,0,1,-23.219038666005968,27992.507179545875
Taeniurops meyeni,late,Western Rocky,8,0.6910260444029587,0.1551371668768528,0.9645898904358009,0.8049205266926909,1.2754005816488811
Taeniurops meyeni,other,8 Mile Rock,8,0.11477527897632146,0.00920576406335615,0.6440408629970615,-2.042865414066852,1.344801861965687
Taeniurops meyeni,other,Black Rock,8,0.1399573522152186,0.021037492031229624,0.5520355837381391,-1.8156442292984967,1.032930069141916
Taeniurops meyeni,other,Burma Banks,8,0.2712010213045249,0.0568990419377823,0.6965281996606197,-0.9885376226625902,0.9282434752091593
Taeniurops meyeni,other,Elephant Head Rock,8,1.8393637567190348e-10,0,1,-22.416431202324663,19613.22772933397
Taeniurops meyeni,other,Koh Bida Nok,8,1.7752025962037308e-10,0,1,-22.451936374642557,21226.5225371853
Taeniurops meyeni,other,Koh Bon,8,0.26214919975637996,0.05280631106570032,0.6936453161495331,-1.034827830073656,0.94492094889801
Taeniurops meyeni,other,Koh Chi,8,4.288090015906364e-10,0,1,-21.57000951344801,17810.78793578791
Taeniurops meyeni,other,Koh Tachai,8,0.05460996022784405,0.004658740149041074,0.41619284440116666,-2.8513812949700292,1.2821220922492569
Taeniurops meyeni,other,Mergui Archipelago,8,0.4968818487369863,0.17169932965125473,0.8247238423191543,-0.012472766748472974,0.7965094828838618
Taeniurops meyeni,other,North Twin,8,0.10392279961757483,0.006401577250756131,0.6761275993879117,-2.154378258281977,1.4746992143123527
Taeniurops meyeni,other,Richelieu Rock,8,0.033834729810036976,0.0028050607671491214,0.3036084552940481,-3.3518471225965083,1.286568342579159
Taeniurops meyeni,other,Seafan Forest,8,0.1195998176049237,0.010873620076791697,0.6266874551034918,-1.9962252403523233,1.2827842802233416
Taeniurops meyeni,other,Shark Cave,8,0.5852057768260145,0.2053011063264765,0.8851212647776843,0.34418099115461454,0.8661564138418463
Taeniurops meyeni,other,Shark Fin Reef,8,0.10577033396838485,0.006554509381955684,0.6795361190595404,-2.134692556476896,1.4726190663100984
Taeniurops meyeni,other,Shark Point,8,2.58318559138549e-10,0,1,-22.07682756705185,21901.707675378646
Taeniurops meyeni,other,Similan Islands,8,0.14774109689336867,0.02180778283886589,0.5740956801312082,-1.7524289609960795,1.0464338335472865
Taeniurops meyeni,other,Surin Islands,8,0.07838252218071831,0.009905608937141727,0.4196136879978913,-2.464529283274376,1.0919233896956833
Taeniurops meyeni,other,Three Trees,8,1.1639569959677245e-10,0,1,-22.87402552624221,27992.507185757844
Taeniurops meyeni,other,Western Rocky,8,0.7594988006479072,0.14974908661010164,0.9826462010121545,1.1499336664564486,1.4727061362542448
Mobula birostris,early,8 Mile Rock,8,2.317753158576095e-29,NA,NA,-65.93436944654643,NA
Mobula birostris,early,Black Rock,8,0.5326776223831537,NA,NA,0.13089706951824098,NA
Mobula birostris,early,Burma Banks,8,0.05708495207057389,NA,NA,-2.804435646031145,NA
Mobula birostris,early,Elephant Head Rock,8,1.8245002374051317e-54,NA,NA,-123.73828891466346,NA
Mobula birostris,early,Koh Bida Nok,8,4.973332086260109e-61,NA,NA,-138.8536006172813,NA
Mobula birostris,early,Koh Bon,8,0.20023676086537381,NA,NA,-1.3848152620529817,NA
Mobula birostris,early,Koh Chi,8,6.1221681335734015e-64,NA,NA,-145.55352964764182,NA
Mobula birostris,early,Koh Tachai,8,0.22956480212680547,NA,NA,-1.2107701953777763,NA
Mobula birostris,early,Mergui Archipelago,8,0.08336004817380696,NA,NA,-2.3975456021998482,NA
Mobula birostris,early,North Twin,8,0.12618820893770907,NA,NA,-1.935090496245401,NA
Mobula birostris,early,Richelieu Rock,8,0.05864159675317193,NA,NA,-2.775879654966303,NA
Mobula birostris,early,Seafan Forest,8,0.12847801581949636,NA,NA,-1.9144832837402248,NA
Mobula birostris,early,Shark Cave,8,4.138733710202297e-61,NA,NA,-139.03730079868734,NA
Mobula birostris,early,Shark Fin Reef,8,1.0576641037840117e-58,NA,NA,-133.49387259287244,NA
Mobula birostris,early,Shark Point,8,7.385994930809699e-55,NA,NA,-124.64259448456654,NA
Mobula birostris,early,Similan Islands,8,0.12064651560772358,NA,NA,-1.9863220491520792,NA
Mobula birostris,early,Surin Islands,8,0.0315337516148538,NA,NA,-3.4246551808263774,NA
Mobula birostris,early,Three Trees,8,9.231529237263499e-51,NA,NA,-115.2092150267282,NA
Mobula birostris,early,Western Rocky,8,1.3070106169319377e-52,NA,NA,-119.4666822779505,NA
Mobula birostris,mid,8 Mile Rock,8,5.968487574404642e-29,NA,NA,-64.98847413913887,NA
Mobula birostris,mid,Black Rock,8,0.7458864906506965,NA,NA,1.0767923769257948,NA
Mobula birostris,mid,Burma Banks,8,0.13487327810275843,NA,NA,-1.858540338623591,NA
Mobula birostris,mid,Elephant Head Rock,8,4.698303163198337e-54,NA,NA,-122.79239360725589,NA
Mobula birostris,mid,Koh Bida Nok,8,1.2806916323422306e-60,NA,NA,-137.90770530987373,NA
Mobula birostris,mid,Koh Bon,8,0.3919983525108459,NA,NA,-0.4389199546454279,NA
Mobula birostris,mid,Koh Chi,8,1.5765304557322525e-63,NA,NA,-144.60763434023428,NA
Mobula birostris,mid,Koh Tachai,8,0.4341657326043654,NA,NA,-0.2648748879702225,NA
Mobula birostris,mid,Mergui Archipelago,8,0.18974771396993986,NA,NA,-1.4516502947922945,NA
Mobula birostris,mid,North Twin,8,0.2710710722300178,NA,NA,-0.9891951888378472,NA
Mobula birostris,mid,Richelieu Rock,8,0.13824013783416447,NA,NA,-1.8299843475587494,NA
Mobula birostris,mid,Seafan Forest,8,0.27516203792464183,NA,NA,-0.968587976332671,NA
Mobula birostris,mid,Shark Cave,8,1.0657727131860743e-60,NA,NA,-138.09140549127977,NA
Mobula birostris,mid,Shark Fin Reef,8,2.7236097329738717e-58,NA,NA,-132.54797728546487,NA
Mobula birostris,mid,Shark Point,8,1.901980752611109e-54,NA,NA,-123.69669917715899,NA
Mobula birostris,mid,Similan Islands,8,0.2610676622013638,NA,NA,-1.0404267417445254,NA
Mobula birostris,mid,Surin Islands,8,0.07736067102834154,NA,NA,-2.4787598734188236,NA
Mobula birostris,mid,Three Trees,8,2.377227589637277e-50,NA,NA,-114.26331971932065,NA
Mobula birostris,mid,Western Rocky,8,3.3657063945349336e-52,NA,NA,-118.52078697054296,NA
Mobula birostris,late,8 Mile Rock,8,3.9028855668219407e-29,NA,NA,-65.4132515283459,NA
Mobula birostris,late,Black Rock,8,0.6574643917858685,NA,NA,0.652014987718772,NA
Mobula birostris,late,Burma Banks,8,0.09251403582995939,NA,NA,-2.283317727830614,NA
Mobula birostris,late,Elephant Head Rock,8,3.0722924988294904e-54,NA,NA,-123.21717099646293,NA
Mobula birostris,late,Koh Bida Nok,8,8.374639010481049e-61,NA,NA,-138.33248269908077,NA
Mobula birostris,late,Koh Bon,8,0.2965674438317576,NA,NA,-0.8636973438524507,NA
Mobula birostris,late,Koh Chi,8,1.0309174451027155e-63,NA,NA,-145.03241172944132,NA
Mobula birostris,late,Koh Tachai,8,0.3341104303850302,NA,NA,-0.6896522771772453,NA
Mobula birostris,late,Mergui Archipelago,8,0.13279973623326602,NA,NA,-1.8764276839993173,NA
Mobula birostris,late,North Twin,8,0.19560823254787613,NA,NA,-1.41397257804487,NA
Mobula birostris,late,Richelieu Rock,8,0.094939517950221,NA,NA,-2.254761736765772,NA
Mobula birostris,late,Seafan Forest,8,0.19887103886350374,NA,NA,-1.3933653655396938,NA
Mobula birostris,late,Shark Cave,8,6.969251234843309e-61,NA,NA,-138.51618288048678,NA
Mobula birostris,late,Shark Fin Reef,8,1.78101017786565e-58,NA,NA,-132.9727546746719,NA
Mobula birostris,late,Shark Point,8,1.243734385838861e-54,NA,NA,-124.12147656636601,NA
Mobula birostris,late,Similan Islands,8,0.18767265710893477,NA,NA,-1.4652041309515482,NA
Mobula birostris,late,Surin Islands,8,0.051978980309964395,NA,NA,-2.9035372626258464,NA
Mobula birostris,late,Three Trees,8,1.554505581687791e-50,NA,NA,-114.68809710852767,NA
Mobula birostris,late,Western Rocky,8,2.200887033043913e-52,NA,NA,-118.94556435974997,NA
Mobula birostris,other,8 Mile Rock,8,4.6296539247639954e-29,NA,NA,-65.2424855777941,NA
Mobula birostris,other,Black Rock,8,0.6948263370431053,NA,NA,0.8227809382705686,NA
Mobula birostris,other,Burma Banks,8,0.10788282734348453,NA,NA,-2.112551777278817,NA
Mobula birostris,other,Elephant Head Rock,8,3.644393560022113e-54,NA,NA,-123.04640504591111,NA
Mobula birostris,other,Koh Bida Nok,8,9.934106368105965e-61,NA,NA,-138.161716748529,NA
Mobula birostris,other,Koh Bon,8,0.333381287782094,NA,NA,-0.692931393300654,NA
Mobula birostris,other,Koh Chi,8,1.222887761916611e-63,NA,NA,-144.8616457788895,NA
Mobula birostris,other,Koh Tachai,8,0.3731126846223766,NA,NA,-0.5188863266254486,NA
Mobula birostris,other,Mergui Archipelago,8,0.1537272559151216,NA,NA,-1.7056617334475206,NA
Mobula birostris,other,North Twin,8,0.22387831905239677,NA,NA,-1.2432066274930733,NA
Mobula birostris,other,Richelieu Rock,8,0.11066210519007288,NA,NA,-2.0839957862139755,NA
Mobula birostris,other,Seafan Forest,8,0.22747932535841295,NA,NA,-1.2225994149878971,NA
Mobula birostris,other,Shark Cave,8,8.267017000534621e-61,NA,NA,-138.345416929935,NA
Mobula birostris,other,Shark Fin Reef,8,2.1126575757419304e-58,NA,NA,-132.80198872412012,NA
Mobula birostris,other,Shark Point,8,1.4753340015171184e-54,NA,NA,-123.95071061581422,NA
Mobula birostris,other,Similan Islands,8,0.2151025501269007,NA,NA,-1.2944381803997516,NA
Mobula birostris,other,Surin Islands,8,0.061067068232819224,NA,NA,-2.7327713120740498,NA
Mobula birostris,other,Three Trees,8,1.843974860167033e-50,NA,NA,-114.51733115797587,NA
Mobula birostris,other,Western Rocky,8,2.610720995027999e-52,NA,NA,-118.77479840919818,NA
Aetobatus ocellatus,early,8 Mile Rock,8,4.073916908449968e-9,NA,NA,-19.318660910845345,NA
Aetobatus ocellatus,early,Black Rock,8,0.02656332654870187,NA,NA,-3.6013012089844043,NA
Aetobatus ocellatus,early,Burma Banks,8,0.07014484407599031,NA,NA,-2.584466522412363,NA
Aetobatus ocellatus,early,Elephant Head Rock,8,1.4386908144274954e-21,NA,NA,-47.99055340946819,NA
Aetobatus ocellatus,early,Koh Bida Nok,8,3.728436090596336e-20,NA,NA,-44.735712992807564,NA
Aetobatus ocellatus,early,Koh Bon,8,0.4099558358177792,NA,NA,-0.3641479522656468,NA
Aetobatus ocellatus,early,Koh Chi,8,0.1075649773362252,NA,NA,-2.115858601961193,NA
Aetobatus ocellatus,early,Koh Tachai,8,0.11904267438921343,NA,NA,-2.001527149043074,NA
Aetobatus ocellatus,early,Mergui Archipelago,8,0.23527558537452517,NA,NA,-1.1787579958184011,NA
Aetobatus ocellatus,early,North Twin,8,0.6719634254333268,NA,NA,0.7170788026106436,NA
Aetobatus ocellatus,early,Richelieu Rock,8,0.3305892512820294,NA,NA,-0.7055211737907321,NA
Aetobatus ocellatus,early,Seafan Forest,8,0.565982476759697,NA,NA,0.2654782085203564,NA
Aetobatus ocellatus,early,Shark Cave,8,0.08059679388523809,NA,NA,-2.434265899925016,NA
Aetobatus ocellatus,early,Shark Fin Reef,8,4.105743103900659e-20,NA,NA,-44.639315109266676,NA
Aetobatus ocellatus,early,Shark Point,8,6.18766678665073e-20,NA,NA,-44.229143776931096,NA
Aetobatus ocellatus,early,Similan Islands,8,0.1200130709583989,NA,NA,-1.9923063924966122,NA
Aetobatus ocellatus,early,Surin Islands,8,0.0909157314364905,NA,NA,-2.3025047452535468,NA
Aetobatus ocellatus,early,Three Trees,8,1.5508217930946783e-21,NA,NA,-47.91550197335104,NA
Aetobatus ocellatus,early,Western Rocky,8,0.17813536984152556,NA,NA,-1.529031932006287,NA
Aetobatus ocellatus,mid,8 Mile Rock,8,4.29512290103856e-9,NA,NA,-19.265785662714443,NA
Aetobatus ocellatus,mid,Black Rock,8,0.02796532953859961,NA,NA,-3.5484259608535016,NA
Aetobatus ocellatus,mid,Burma Banks,8,0.0736729759621681,NA,NA,-2.5315912742814604,NA
Aetobatus ocellatus,mid,Elephant Head Rock,8,1.5168090083308462e-21,NA,NA,-47.93767816133729,NA
Aetobatus ocellatus,mid,Koh Bida Nok,8,3.930883128250745e-20,NA,NA,-44.68283774467666,NA
Aetobatus ocellatus,mid,Koh Bon,8,0.42280411666241957,NA,NA,-0.31127270413474406,NA
Aetobatus ocellatus,mid,Koh Chi,8,0.11274704485922925,NA,NA,-2.0629833538302904,NA
Aetobatus ocellatus,mid,Koh Tachai,8,0.12470042908423537,NA,NA,-1.9486519009121714,NA
Aetobatus ocellatus,mid,Mergui Archipelago,8,0.24492172536676535,NA,NA,-1.1258827476874984,NA
Aetobatus ocellatus,mid,North Twin,8,0.6835109539051619,NA,NA,0.7699540507415463,NA
Aetobatus ocellatus,mid,Richelieu Rock,8,0.34239353197702105,NA,NA,-0.6526459256598294,NA
Aetobatus ocellatus,mid,Seafan Forest,8,0.5789229245901136,NA,NA,0.31835345665125914,NA
Aetobatus ocellatus,mid,Shark Cave,8,0.08460280423295373,NA,NA,-2.3813906517941135,NA
Aetobatus ocellatus,mid,Shark Fin Reef,8,4.3286771997407633e-20,NA,NA,-44.58643986113577,NA
Aetobatus ocellatus,mid,Shark Point,8,6.523645406241246e-20,NA,NA,-44.17626852880019,NA
Aetobatus ocellatus,mid,Similan Islands,8,0.12571036457375975,NA,NA,-1.9394311443657095,NA
Aetobatus ocellatus,mid,Surin Islands,8,0.09538142850747265,NA,NA,-2.249629497122644,NA
Aetobatus ocellatus,mid,Three Trees,8,1.6350284873528335e-21,NA,NA,-47.86262672522014,NA
Aetobatus ocellatus,mid,Western Rocky,8,0.1860086314564127,NA,NA,-1.4761566838753843,NA
Aetobatus ocellatus,late,8 Mile Rock,8,3.406575660630348e-9,NA,NA,-19.497558251889895,NA
Aetobatus ocellatus,late,Black Rock,8,0.022309107631909266,NA,NA,-3.7801985500289543,NA
Aetobatus ocellatus,late,Burma Banks,8,0.05933633159811936,NA,NA,-2.763363863456913,NA
Aetobatus ocellatus,late,Elephant Head Rock,8,1.203021371929556e-21,NA,NA,-48.169450750512745,NA
Aetobatus ocellatus,late,Koh Bida Nok,8,3.117687452981895e-20,NA,NA,-44.91461033385211,NA
Aetobatus ocellatus,late,Koh Bon,8,0.36747945422112815,NA,NA,-0.5430452933101968,NA
Aetobatus ocellatus,late,Koh Chi,8,0.09155820378340344,NA,NA,-2.294755943005743,NA
Aetobatus ocellatus,late,Koh Tachai,8,0.10152220129582758,NA,NA,-2.180424490087624,NA
Aetobatus ocellatus,late,Mergui Archipelago,8,0.2046216357404713,NA,NA,-1.3576553368629511,NA
Aetobatus ocellatus,late,North Twin,8,0.6313892780356498,NA,NA,0.5381814615660936,NA
Aetobatus ocellatus,late,Richelieu Rock,8,0.2922629915387236,NA,NA,-0.8844185148352821,NA
Aetobatus ocellatus,late,Seafan Forest,8,0.5216317055070081,NA,NA,0.0865808674758064,NA
Aetobatus ocellatus,late,Shark Cave,8,0.06829604626003945,NA,NA,-2.613163240969566,NA
Aetobatus ocellatus,late,Shark Fin Reef,8,3.4331884600308893e-20,NA,NA,-44.81821245031122,NA
Aetobatus ocellatus,late,Shark Point,8,5.17407584177959e-20,NA,NA,-44.40804111797565,NA
Aetobatus ocellatus,late,Similan Islands,8,0.10236637242649972,NA,NA,-2.1712037335411623,NA
Aetobatus ocellatus,late,Surin Islands,8,0.0771722909224338,NA,NA,-2.4814020862980968,NA
Aetobatus ocellatus,late,Three Trees,8,1.2967843698157218e-21,NA,NA,-48.09439931439559,NA
Aetobatus ocellatus,late,Western Rocky,8,0.15343249149860494,NA,NA,-1.707929273050837,NA
Aetobatus ocellatus,other,8 Mile Rock,8,1.4169908881039084e-9,NA,NA,-20.374730305255166,NA
Aetobatus ocellatus,other,Black Rock,8,0.009402146831730938,NA,NA,-4.6573706033942255,NA
Aetobatus ocellatus,other,Burma Banks,8,0.025567433224564978,NA,NA,-3.6405359168221842,NA
Aetobatus ocellatus,other,Elephant Head Rock,8,5.004058293868711e-22,NA,NA,-49.046622803878016,NA
Aetobatus ocellatus,other,Koh Bida Nok,8,1.2968256525452652e-20,NA,NA,-45.79178238721738,NA
Aetobatus ocellatus,other,Koh Bon,8,0.19462751275105494,NA,NA,-1.420217346675468,NA
Aetobatus ocellatus,other,Koh Chi,8,0.04023589601454921,NA,NA,-3.1719279963710143,NA
Aetobatus ocellatus,other,Koh Tachai,8,0.04489063973398611,NA,NA,-3.0575965434528953,NA
Aetobatus ocellatus,other,Mergui Archipelago,8,0.09666628250764023,NA,NA,-2.2348273902282223,NA
Aetobatus ocellatus,other,North Twin,8,0.41605469520335814,NA,NA,-0.33899059179917757,NA
Aetobatus ocellatus,other,Richelieu Rock,8,0.14659124426478246,NA,NA,-1.7615905682005533,NA
Aetobatus ocellatus,other,Seafan Forest,8,0.31204174444071364,NA,NA,-0.7905911858894648,NA
Aetobatus ocellatus,other,Shark Cave,8,0.02958847535511875,NA,NA,-3.4903352943348374,NA
Aetobatus ocellatus,other,Shark Fin Reef,8,1.4280606802750883e-20,NA,NA,-45.69538450367649,NA
Aetobatus ocellatus,other,Shark Point,8,2.1521959404291436e-20,NA,NA,-45.28521317134092,NA
Aetobatus ocellatus,other,Similan Islands,8,0.04528764721671582,NA,NA,-3.0483757869064334,NA
Aetobatus ocellatus,other,Surin Islands,8,0.0336155122911773,NA,NA,-3.358574139663368,NA
Aetobatus ocellatus,other,Three Trees,8,5.394072568077081e-22,NA,NA,-48.97157136776086,NA
Aetobatus ocellatus,other,Western Rocky,8,0.07010345057032127,NA,NA,-2.5851013264161082,NA
Nebrius ferrugineus,early,8 Mile Rock,8,9.755350655818804e-10,NA,NA,-20.748035009270517,NA
Nebrius ferrugineus,early,Black Rock,8,0.050400424405605666,NA,NA,-2.9360408005764214,NA
Nebrius ferrugineus,early,Burma Banks,8,0.8193812465998882,NA,NA,1.5121610030876234,NA
Nebrius ferrugineus,early,Elephant Head Rock,8,0.13649105241734877,NA,NA,-1.8447451971075495,NA
Nebrius ferrugineus,early,Koh Bida Nok,8,5.7041136485996445e-15,NA,NA,-32.79758878762837,NA
Nebrius ferrugineus,early,Koh Bon,8,1.1701522999094765e-14,NA,NA,-32.079057390715654,NA
Nebrius ferrugineus,early,Koh Chi,8,9.94492858969581e-15,NA,NA,-32.24171366315382,NA
Nebrius ferrugineus,early,Koh Tachai,8,4.369334145014678e-15,NA,NA,-33.06416576697446,NA
Nebrius ferrugineus,early,Mergui Archipelago,8,0.45596076175111133,NA,NA,-0.17661461636819453,NA
Nebrius ferrugineus,early,North Twin,8,0.14312681108806927,NA,NA,-1.789558908598881,NA
Nebrius ferrugineus,early,Richelieu Rock,8,1.8734499259807988e-15,NA,NA,-33.91099478354186,NA
Nebrius ferrugineus,early,Seafan Forest,8,3.2915526821951576e-16,NA,NA,-35.6500020945791,NA
Nebrius ferrugineus,early,Shark Cave,8,0.27936066779269497,NA,NA,-0.9476351163184873,NA
Nebrius ferrugineus,early,Shark Fin Reef,8,7.319004654714739e-15,NA,NA,-32.54830205231492,NA
Nebrius ferrugineus,early,Shark Point,8,8.355639551307745e-15,NA,NA,-32.41583968865852,NA
Nebrius ferrugineus,early,Similan Islands,8,0.06108564581895682,NA,NA,-2.7324473561795344,NA
Nebrius ferrugineus,early,Surin Islands,8,5.555814885815607e-15,NA,NA,-32.823931288461395,NA
Nebrius ferrugineus,early,Three Trees,8,0.19984073124316187,NA,NA,-1.387290088285301,NA
Nebrius ferrugineus,early,Western Rocky,8,9.475813983677975e-15,NA,NA,-32.29003373906452,NA
Nebrius ferrugineus,mid,8 Mile Rock,8,7.435742270463804e-10,NA,NA,-21.019552519639287,NA
Nebrius ferrugineus,mid,Black Rock,8,0.038882278806884045,NA,NA,-3.207558310945192,NA
Nebrius ferrugineus,mid,Burma Banks,8,0.7756760036285265,NA,NA,1.2406434927188528,NA
Nebrius ferrugineus,mid,Elephant Head Rock,8,0.10752619147850911,NA,NA,-2.11626270747632,NA
Nebrius ferrugineus,mid,Koh Bida Nok,8,4.347800551616732e-15,NA,NA,-33.06910629799714,NA
Nebrius ferrugineus,mid,Koh Bon,8,8.91915752111808e-15,NA,NA,-32.35057490108443,NA
Nebrius ferrugineus,mid,Koh Chi,8,7.580242728628581e-15,NA,NA,-32.513231173522584,NA
Nebrius ferrugineus,mid,Koh Tachai,8,3.330402333508271e-15,NA,NA,-33.33568327734323,NA
Nebrius ferrugineus,mid,Mergui Archipelago,8,0.3898049613233198,NA,NA,-0.4481321267369651,NA
Nebrius ferrugineus,mid,North Twin,8,0.11293794628823665,NA,NA,-2.0610764189676516,NA
Nebrius ferrugineus,mid,Richelieu Rock,8,1.4279846306367448e-15,NA,NA,-34.182512293910634,NA
Nebrius ferrugineus,mid,Seafan Forest,8,2.508893659725181e-16,NA,NA,-35.921519604947875,NA
Nebrius ferrugineus,mid,Shark Cave,8,0.22808560691384866,NA,NA,-1.2191526266872579,NA
Nebrius ferrugineus,mid,Shark Fin Reef,8,5.578705901637558e-15,NA,NA,-32.81981956268368,NA
Nebrius ferrugineus,mid,Shark Point,8,6.3688517600284974e-15,NA,NA,-32.68735719902729,NA
Nebrius ferrugineus,mid,Similan Islands,8,0.047247074819924434,NA,NA,-3.003964866548305,NA
Nebrius ferrugineus,mid,Surin Islands,8,4.234763981457438e-15,NA,NA,-33.09544879883016,NA
Nebrius ferrugineus,mid,Three Trees,8,0.15992212758237323,NA,NA,-1.6588075986540716,NA
Nebrius ferrugineus,mid,Western Rocky,8,7.22267328515921e-15,NA,NA,-32.561551249433286,NA
Nebrius ferrugineus,late,8 Mile Rock,8,3.0890112066925024e-10,NA,NA,-21.897999887766275,NA
Nebrius ferrugineus,late,Black Rock,8,0.01652844825266918,NA,NA,-4.08600567907218,NA
Nebrius ferrugineus,late,Burma Banks,8,0.5895719497457967,NA,NA,0.3621961245918648,NA
Nebrius ferrugineus,late,Elephant Head Rock,8,0.04766542724571425,NA,NA,-2.994710075603308,NA
Nebrius ferrugineus,late,Koh Bida Nok,8,1.8061955530543764e-15,NA,NA,-33.94755366612412,NA
Nebrius ferrugineus,late,Koh Bon,8,3.7052625713579705e-15,NA,NA,-33.22902226921141,NA
Nebrius ferrugineus,late,Koh Chi,8,3.1490406574493136e-15,NA,NA,-33.391678541649576,NA
Nebrius ferrugineus,late,Koh Tachai,8,1.3835404391831398e-15,NA,NA,-34.21413064547022,NA
Nebrius ferrugineus,late,Mergui Archipelago,8,0.20972571973821189,NA,NA,-1.326579494863953,NA
Nebrius ferrugineus,late,North Twin,8,0.05023398869705568,NA,NA,-2.9395237870946396,NA
Nebrius ferrugineus,late,Richelieu Rock,8,5.932239667081776e-16,NA,NA,-35.06095966203762,NA
Nebrius ferrugineus,late,Seafan Forest,8,1.0422632127402606e-16,NA,NA,-36.79996697307486,NA
Nebrius ferrugineus,late,Shark Cave,8,0.10933030792925683,NA,NA,-2.097599994814246,NA
Nebrius ferrugineus,late,Shark Fin Reef,8,2.3175473832600364e-15,NA,NA,-33.698266930810675,NA
Nebrius ferrugineus,late,Shark Point,8,2.645795636312802e-15,NA,NA,-33.56580456715428,NA
Nebrius ferrugineus,late,Similan Islands,8,0.0201852331660407,NA,NA,-3.882412234675293,NA
Nebrius ferrugineus,late,Surin Islands,8,1.7592370626796584e-15,NA,NA,-33.973896166957154,NA
Nebrius ferrugineus,late,Three Trees,8,0.07328738781255563,NA,NA,-2.5372549667810596,NA
Nebrius ferrugineus,late,Western Rocky,8,3.0004965071289064e-15,NA,NA,-33.43999861756028,NA
Nebrius ferrugineus,other,8 Mile Rock,8,2.136540439828613e-9,NA,NA,-19.964077930813758,NA
Nebrius ferrugineus,other,Black Rock,8,0.10413666763981028,NA,NA,-2.152083722119663,NA
Nebrius ferrugineus,other,Burma Banks,8,0.9085550294816449,NA,NA,2.296118081544382,NA
Nebrius ferrugineus,other,Elephant Head Rock,8,0.257158873008603,NA,NA,-1.060788118650791,NA
Nebrius ferrugineus,other,Koh Bida Nok,8,1.2492702648767916e-14,NA,NA,-32.013631709171605,NA
Nebrius ferrugineus,other,Koh Bon,8,2.5627758556545547e-14,NA,NA,-31.295100312258896,NA
Nebrius ferrugineus,other,Koh Chi,8,2.178060315554892e-14,NA,NA,-31.45775658469706,NA
Nebrius ferrugineus,other,Koh Tachai,8,9.569373194409824e-15,NA,NA,-32.2802086885177,NA
Nebrius ferrugineus,other,Mergui Archipelago,8,0.6473343436783626,NA,NA,0.6073424620885639,NA
Nebrius ferrugineus,other,North Twin,8,0.2678414613267852,NA,NA,-1.0056018301421226,NA
Nebrius ferrugineus,other,Richelieu Rock,8,4.103083194771215e-15,NA,NA,-33.1270377050851,NA
Nebrius ferrugineus,other,Seafan Forest,8,7.208900706512671e-16,NA,NA,-34.86604501612234,NA
Nebrius ferrugineus,other,Shark Cave,8,0.45917160096308407,NA,NA,-0.16367803786172885,NA
Nebrius ferrugineus,other,Shark Fin Reef,8,1.60295103620079e-14,NA,NA,-31.764344973858158,NA
Nebrius ferrugineus,other,Shark Point,8,1.8299866865450247e-14,NA,NA,-31.631882610201764,NA
Nebrius ferrugineus,other,Similan Islands,8,0.12471807136295714,NA,NA,-1.948490277722776,NA
Nebrius ferrugineus,other,Surin Islands,8,1.2167910321550444e-14,NA,NA,-32.03997421000464,NA
Nebrius ferrugineus,other,Three Trees,8,0.353581524371075,NA,NA,-0.6033330098285425,NA
Nebrius ferrugineus,other,Western Rocky,8,2.0753185112675017e-14,NA,NA,-31.50607666060776,NA
Carcharhinus melanopterus,early,8 Mile Rock,8,5.0888876846237574e-33,NA,NA,-74.3582487916656,NA
Carcharhinus melanopterus,early,Black Rock,8,1.4658786249571557e-22,NA,NA,-50.27441723917647,NA
Carcharhinus melanopterus,early,Burma Banks,8,2.0190289495653485e-24,NA,NA,-54.5594255540629,NA
Carcharhinus melanopterus,early,Elephant Head Rock,8,1.4875317057497188e-56,NA,NA,-128.54764703466634,NA
Carcharhinus melanopterus,early,Koh Bida Nok,8,0.9999999918430046,NA,NA,18.62438993498823,NA
Carcharhinus melanopterus,early,Koh Bon,8,1.3707137591705132e-30,NA,NA,-68.76222119355533,NA
Carcharhinus melanopterus,early,Koh Chi,8,1.8113968023543174e-13,NA,NA,-29.339507947254916,NA
Carcharhinus melanopterus,early,Koh Tachai,8,4.13411469250862e-5,NA,NA,-10.09361091838123,NA
Carcharhinus melanopterus,early,Mergui Archipelago,8,2.575247668698783e-37,NA,NA,-84.24970272927024,NA
Carcharhinus melanopterus,early,North Twin,8,5.229232343840189e-53,NA,NA,-120.3827454407612,NA
Carcharhinus melanopterus,early,Richelieu Rock,8,7.472471416898288e-24,NA,NA,-53.25081644179407,NA
Carcharhinus melanopterus,early,Seafan Forest,8,2.006652049706054e-57,NA,NA,-130.55088261423415,NA
Carcharhinus melanopterus,early,Shark Cave,8,1.4242774250325065e-22,NA,NA,-50.303207430904564,NA
Carcharhinus melanopterus,early,Shark Fin Reef,8,9.87504282881631e-55,NA,NA,-124.35216946679941,NA
Carcharhinus melanopterus,early,Shark Point,8,0.685990347639596,NA,NA,0.7814398316936035,NA
Carcharhinus melanopterus,early,Similan Islands,8,2.816547702753109e-21,NA,NA,-47.318775036774895,NA
Carcharhinus melanopterus,early,Surin Islands,8,3.189921978363115e-14,NA,NA,-31.076194843612342,NA
Carcharhinus melanopterus,early,Three Trees,8,7.669729296611045e-60,NA,NA,-136.11782425867898,NA
Carcharhinus melanopterus,early,Western Rocky,8,1.8675385573086652e-54,NA,NA,-123.71497373738288,NA
Carcharhinus melanopterus,mid,8 Mile Rock,8,5.012910209228587e-30,NA,NA,-67.46553616328458,NA
Carcharhinus melanopterus,mid,Black Rock,8,1.4439929469736325e-19,NA,NA,-43.38170461079545,NA
Carcharhinus melanopterus,mid,Burma Banks,8,1.9888846956842406e-21,NA,NA,-47.66671292568188,NA
Carcharhinus melanopterus,mid,Elephant Head Rock,8,1.465322745643441e-53,NA,NA,-121.65493440628532,NA
Carcharhinus melanopterus,mid,Koh Bida Nok,8,0.9999999999917193,NA,NA,25.51710256336925,NA
Carcharhinus melanopterus,mid,Koh Bon,8,1.3502488997817074e-27,NA,NA,-61.86950856517432,NA
Carcharhinus melanopterus,mid,Koh Chi,8,1.784352511709778e-10,NA,NA,-22.446795318873896,NA
Carcharhinus melanopterus,mid,Koh Tachai,8,0.03913193254520232,NA,NA,-3.200898290000211,NA
Carcharhinus melanopterus,mid,Mergui Archipelago,8,2.5367990275593386e-34,NA,NA,-77.35699010088922,NA
Carcharhinus melanopterus,mid,North Twin,8,5.151159512140598e-50,NA,NA,-113.49003281238018,NA
Carcharhinus melanopterus,mid,Richelieu Rock,8,7.360906857331771e-21,NA,NA,-46.35810381341305,NA
Carcharhinus melanopterus,mid,Seafan Forest,8,1.9766925838695652e-54,NA,NA,-123.65816998585314,NA
Carcharhinus melanopterus,mid,Shark Cave,8,1.40301285608883e-19,NA,NA,-43.410494802523544,NA
Carcharhinus melanopterus,mid,Shark Fin Reef,8,9.727607697595069e-52,NA,NA,-117.45945683841839,NA
Carcharhinus melanopterus,mid,Shark Point,8,0.999535531601954,NA,NA,7.674152460074623,NA
Carcharhinus melanopterus,mid,Similan Islands,8,2.7744964339794153e-18,NA,NA,-40.426062408393875,NA
Carcharhinus melanopterus,mid,Surin Islands,8,3.142296203509039e-11,NA,NA,-24.183482215231322,NA
Carcharhinus melanopterus,mid,Three Trees,8,7.555219662082929e-57,NA,NA,-129.22511163029796,NA
Carcharhinus melanopterus,mid,Western Rocky,8,1.839656066363506e-51,NA,NA,-116.82226110900186,NA
Carcharhinus melanopterus,late,8 Mile Rock,8,6.654046362422421e-32,NA,NA,-71.78749783063564,NA
Carcharhinus melanopterus,late,Black Rock,8,1.9167301258428334e-21,NA,NA,-47.703666278146514,NA
Carcharhinus melanopterus,late,Burma Banks,8,2.6400095797111603e-23,NA,NA,-51.98867459303294,NA
Carcharhinus melanopterus,late,Elephant Head Rock,8,1.945042914886734e-55,NA,NA,-125.9768960736364,NA
Carcharhinus melanopterus,late,Koh Bida Nok,8,0.9999999993761686,NA,NA,21.195140896018188,NA
Carcharhinus melanopterus,late,Koh Bon,8,1.7922959727898287e-29,NA,NA,-66.19147023252538,NA
Carcharhinus melanopterus,late,Koh Chi,8,2.368517257710733e-12,NA,NA,-26.768756986224957,NA
Carcharhinus melanopterus,late,Koh Tachai,8,5.402922313637419e-4,NA,NA,-7.522859957351272,NA
Carcharhinus melanopterus,late,Mergui Archipelago,8,3.3673011558141467e-36,NA,NA,-81.67895176824028,NA
Carcharhinus melanopterus,late,North Twin,8,6.837555987122273e-52,NA,NA,-117.81199447973123,NA
Carcharhinus melanopterus,late,Richelieu Rock,8,9.770734653891998e-23,NA,NA,-50.680065480764114,NA
Carcharhinus melanopterus,late,Seafan Forest,8,2.6238259909603914e-56,NA,NA,-127.9801316532042,NA
Carcharhinus melanopterus,late,Shark Cave,8,1.8623338942522976e-21,NA,NA,-47.732456469874606,NA
Carcharhinus melanopterus,late,Shark Fin Reef,8,1.2912250551804004e-53,NA,NA,-121.78141850576944,NA
Carcharhinus melanopterus,late,Shark Point,8,0.9661765029464172,NA,NA,3.3521907927235617,NA
Carcharhinus melanopterus,late,Similan Islands,8,3.6828163947735426e-20,NA,NA,-44.74802407574494,NA
Carcharhinus melanopterus,late,Surin Islands,8,4.171027157990726e-13,NA,NA,-28.505443882582384,NA
Carcharhinus melanopterus,late,Three Trees,8,1.0028661957127057e-58,NA,NA,-133.54707329764904,NA
Carcharhinus melanopterus,late,Western Rocky,8,2.4419261956775276e-53,NA,NA,-121.1442227763529,NA
Carcharhinus melanopterus,other,8 Mile Rock,8,1.4061733008717008e-23,NA,NA,-52.61858509498225,NA
Carcharhinus melanopterus,other,Black Rock,8,4.0505499678459587e-13,NA,NA,-28.534753542493117,NA
Carcharhinus melanopterus,other,Burma Banks,8,5.579027831846753e-15,NA,NA,-32.81976185737955,NA
Carcharhinus melanopterus,other,Elephant Head Rock,8,4.1103822651571124e-47,NA,NA,-106.80798333798299,NA
Carcharhinus melanopterus,other,Koh Bida Nok,8,1,NA,NA,40.36405363167158,NA
Carcharhinus melanopterus,other,Koh Bon,8,3.787588193598636e-21,NA,NA,-47.02255749687199,NA
Carcharhinus melanopterus,other,Koh Chi,8,5.002789802055321e-4,NA,NA,-7.599844250571564,NA
Carcharhinus melanopterus,other,Koh Tachai,8,0.9999912465402155,NA,NA,11.64605277830212,NA
Carcharhinus melanopterus,other,Mergui Archipelago,8,7.1159843550841755e-28,NA,NA,-62.51003903258689,NA
Carcharhinus melanopterus,other,North Twin,8,1.4449536640749169e-43,NA,NA,-98.64308174407785,NA
Carcharhinus melanopterus,other,Richelieu Rock,8,2.064810710937495e-14,NA,NA,-31.511152745110724,NA
Carcharhinus melanopterus,other,Seafan Forest,8,5.544827693804262e-48,NA,NA,-108.8112189175508,NA
Carcharhinus melanopterus,other,Shark Cave,8,3.9355965630086383e-13,NA,NA,-28.56354373422121,NA
Carcharhinus melanopterus,other,Shark Fin Reef,8,2.728694840879102e-45,NA,NA,-102.61250577011606,NA
Carcharhinus melanopterus,other,Shark Point,8,0.9999999998343434,NA,NA,22.521103528376955,NA
Carcharhinus melanopterus,other,Similan Islands,8,7.782750230819726e-12,NA,NA,-25.579111340091544,NA
Carcharhinus melanopterus,other,Surin Islands,8,8.813689848189113e-5,NA,NA,-9.33653114692899,NA
Carcharhinus melanopterus,other,Three Trees,8,2.11931746782211e-50,NA,NA,-114.37816056199563,NA
Carcharhinus melanopterus,other,Western Rocky,8,5.160426050609637e-45,NA,NA,-101.97531004069953,NA
Rhinocodon typus,early,8 Mile Rock,8,9.520606851126616e-14,NA,NA,-29.982732710278647,NA
Rhinocodon typus,early,Black Rock,8,3.3828697427897105e-20,NA,NA,-44.83297747428513,NA
Rhinocodon typus,early,Burma Banks,8,2.220554072972568e-29,NA,NA,-65.97721094966357,NA
Rhinocodon typus,early,Elephant Head Rock,8,1.945653128689202e-15,NA,NA,-33.87317867539615,NA
Rhinocodon typus,early,Koh Bida Nok,8,1.2433419689041586e-25,NA,NA,-57.346824434388324,NA
Rhinocodon typus,early,Koh Bon,8,5.598368564444613e-17,NA,NA,-37.4214713533796,NA
Rhinocodon typus,early,Koh Chi,8,4.595352421506962e-6,NA,NA,-12.29046051299759,NA
Rhinocodon typus,early,Koh Tachai,8,1.8346088172473343e-16,NA,NA,-36.234530207735794,NA
Rhinocodon typus,early,Mergui Archipelago,8,1.4003841394341011e-6,NA,NA,-13.478762573284634,NA
Rhinocodon typus,early,North Twin,8,1.8093578181601619e-16,NA,NA,-36.248389502178796,NA
Rhinocodon typus,early,Richelieu Rock,8,6.026000924587491e-6,NA,NA,-12.019420937804057,NA
Rhinocodon typus,early,Seafan Forest,8,7.467238903898198e-26,NA,NA,-57.85668711167398,NA
Rhinocodon typus,early,Shark Cave,8,1.4349834987017082e-16,NA,NA,-36.480208137921835,NA
Rhinocodon typus,early,Shark Fin Reef,8,4.377985217702785e-15,NA,NA,-33.06218777231119,NA
Rhinocodon typus,early,Shark Point,8,1.0976186799847951e-18,NA,NA,-41.353388677111575,NA
Rhinocodon typus,early,Similan Islands,8,2.207876506100875e-15,NA,NA,-33.746745198267924,NA
Rhinocodon typus,early,Surin Islands,8,6.516087033367577e-17,NA,NA,-37.26967253337777,NA
Rhinocodon typus,early,Three Trees,8,4.868582752086737e-15,NA,NA,-32.95597351616817,NA
Rhinocodon typus,early,Western Rocky,8,9.849712211069743e-20,NA,NA,-43.764259622274025,NA
Rhinocodon typus,mid,8 Mile Rock,8,9.276226278103632e-14,NA,NA,-30.008736488889824,NA
Rhinocodon typus,mid,Black Rock,8,3.296036239512813e-20,NA,NA,-44.858981252896314,NA
Rhinocodon typus,mid,Burma Banks,8,2.1635555764200874e-29,NA,NA,-66.00321472827474,NA
Rhinocodon typus,mid,Elephant Head Rock,8,1.895710952320812e-15,NA,NA,-33.899182454007324,NA
Rhinocodon typus,mid,Koh Bida Nok,8,1.2114271311657978e-25,NA,NA,-57.37282821299951,NA
Rhinocodon typus,mid,Koh Bon,8,5.4546663257988245e-17,NA,NA,-37.447475131990785,NA
Rhinocodon typus,mid,Koh Chi,8,4.477396723158323e-6,NA,NA,-12.316464291608767,NA
Rhinocodon typus,mid,Koh Tachai,8,1.7875169920052375e-16,NA,NA,-36.26053398634697,NA
Rhinocodon typus,mid,Mergui Archipelago,8,1.364438299336781e-6,NA,NA,-13.50476635189581,NA
Rhinocodon typus,mid,North Twin,8,1.762914150511662e-16,NA,NA,-36.27439328078998,NA
Rhinocodon typus,mid,Richelieu Rock,8,5.8713228735257545e-6,NA,NA,-12.045424716415233,NA
Rhinocodon typus,mid,Seafan Forest,8,7.275565394974984e-26,NA,NA,-57.88269089028515,NA
Rhinocodon typus,mid,Shark Cave,8,1.398149492721324e-16,NA,NA,-36.50621191653301,NA
Rhinocodon typus,mid,Shark Fin Reef,8,4.2656085012898134e-15,NA,NA,-33.08819155092237,NA
Rhinocodon typus,mid,Shark Point,8,1.0694443538971992e-18,NA,NA,-41.37939245572275,NA
Rhinocodon typus,mid,Similan Islands,8,2.1512034248401867e-15,NA,NA,-33.7727489768791,NA
Rhinocodon typus,mid,Surin Islands,8,6.348828253755933e-17,NA,NA,-37.29567631198894,NA
Rhinocodon typus,mid,Three Trees,8,4.7436130877187476e-15,NA,NA,-32.98197729477935,NA
Rhinocodon typus,mid,Western Rocky,8,9.596883966831501e-20,NA,NA,-43.7902634008852,NA
Rhinocodon typus,late,8 Mile Rock,8,0.002365485797918396,NA,NA,-6.04440357877095,NA
Rhinocodon typus,late,Black Rock,8,8.424992502444989e-10,NA,NA,-20.894648342777437,NA
Rhinocodon typus,late,Burma Banks,8,5.530260652720692e-19,NA,NA,-42.03888181815587,NA
Rhinocodon typus,late,Elephant Head Rock,8,4.845388684776303e-5,NA,NA,-9.93484954388845,NA
Rhinocodon typus,late,Koh Bida Nok,8,3.096526786804267e-15,NA,NA,-33.40849530288063,NA
Rhinocodon typus,late,Koh Bon,8,1.3942643685724846e-6,NA,NA,-13.483142221871908,NA
Rhinocodon typus,late,Koh Chi,8,0.9999912624205384,NA,NA,11.647868618510106,NA
Rhinocodon typus,late,Koh Tachai,8,4.569048203644713e-6,NA,NA,-12.296201076228101,NA
Rhinocodon typus,late,Mergui Archipelago,8,0.9999713281636966,NA,NA,10.459566558223063,NA
Rhinocodon typus,late,North Twin,8,4.506161493930175e-6,NA,NA,-12.310060370671103,NA
Rhinocodon typus,late,Richelieu Rock,8,0.9999933368276427,NA,NA,11.91890819370364,NA
Rhinocodon typus,late,Seafan Forest,8,1.859706007492639e-15,NA,NA,-33.91835798016628,NA
Rhinocodon typus,late,Shark Cave,8,3.573794718951778e-6,NA,NA,-12.541879006414138,NA
Rhinocodon typus,late,Shark Fin Reef,8,1.0902125791528296e-4,NA,NA,-9.123858640803494,NA
Rhinocodon typus,late,Shark Point,8,2.7336047815995085e-8,NA,NA,-17.41505954560388,NA
Rhinocodon typus,late,Similan Islands,8,5.49838500051213e-5,NA,NA,-9.808416066760223,NA
Rhinocodon typus,late,Surin Islands,8,1.6228202541673895e-6,NA,NA,-13.331343401870072,NA
Rhinocodon typus,late,Three Trees,8,1.2123671165847353e-4,NA,NA,-9.017644384660473,NA
Rhinocodon typus,late,Western Rocky,8,2.4530578386213783e-9,NA,NA,-19.825930490766325,NA
Rhinocodon typus,other,8 Mile Rock,8,1.7388712213756513e-13,NA,NA,-29.380370029555348,NA
Rhinocodon typus,other,Black Rock,8,6.178571317335547e-20,NA,NA,-44.230614793561834,NA
Rhinocodon typus,other,Burma Banks,8,4.0556842997291534e-29,NA,NA,-65.37484826894027,NA
Rhinocodon typus,other,Elephant Head Rock,8,3.5535972497982824e-15,NA,NA,-33.270815994672844,NA
Rhinocodon typus,other,Koh Bida Nok,8,2.270875798006829e-25,NA,NA,-56.74446175366503,NA
Rhinocodon typus,other,Koh Bon,8,1.0225022559581504e-16,NA,NA,-36.819108672656306,NA
Rhinocodon typus,other,Koh Chi,8,8.393052939023954e-6,NA,NA,-11.688097832274291,NA
Rhinocodon typus,other,Koh Tachai,8,3.3507827018570203e-16,NA,NA,-35.6321675270125,NA
Rhinocodon typus,other,Mergui Archipelago,8,2.5576992085092673e-6,NA,NA,-12.876399892561334,NA
Rhinocodon typus,other,North Twin,8,3.3046635454731245e-16,NA,NA,-35.6460268214555,NA
Rhinocodon typus,other,Richelieu Rock,8,1.1006007882252396e-5,NA,NA,-11.417058257080757,NA
Rhinocodon typus,other,Seafan Forest,8,1.3638381498328318e-25,NA,NA,-57.254324430950675,NA
Rhinocodon typus,other,Shark Cave,8,2.6208954408681153e-16,NA,NA,-35.87784545719853,NA
Rhinocodon typus,other,Shark Fin Reef,8,7.99607905432114e-15,NA,NA,-32.45982509158789,NA
Rhinocodon typus,other,Shark Point,8,2.0047225607726662e-18,NA,NA,-40.75102599638828,NA
Rhinocodon typus,other,Similan Islands,8,4.0325296242604864e-15,NA,NA,-33.14438251754462,NA
Rhinocodon typus,other,Surin Islands,8,1.190117016223819e-16,NA,NA,-36.66730985265447,NA
Rhinocodon typus,other,Three Trees,8,8.892120606249333e-15,NA,NA,-32.35361083544487,NA
Rhinocodon typus,other,Western Rocky,8,1.798979977903001e-19,NA,NA,-43.16189694155072,NA
Triaenodon obesus,early,8 Mile Rock,8,3.190324942277579e-16,NA,NA,-35.6812387135127,NA
Triaenodon obesus,early,Black Rock,8,1.1320529833284215e-56,NA,NA,-128.82073242392045,NA
Triaenodon obesus,early,Burma Banks,8,1.231246890562193e-19,NA,NA,-43.54108937881762,NA
Triaenodon obesus,early,Elephant Head Rock,8,0.9999874698103149,NA,NA,11.287357120429391,NA
Triaenodon obesus,early,Koh Bida Nok,8,1.2353100644773354e-23,NA,NA,-52.74813513594037,NA
Triaenodon obesus,early,Koh Bon,8,2.612925339976593e-12,NA,NA,-26.670550702326626,NA
Triaenodon obesus,early,Koh Chi,8,8.405518293254857e-22,NA,NA,-48.52798361603695,NA
Triaenodon obesus,early,Koh Tachai,8,1.5896832151259718e-6,NA,NA,-13.351974207667567,NA
Triaenodon obesus,early,Mergui Archipelago,8,5.45464995573613e-6,NA,NA,-12.11903665550761,NA
Triaenodon obesus,early,North Twin,8,3.889902745535423e-22,NA,NA,-49.29848788969889,NA
Triaenodon obesus,early,Richelieu Rock,8,9.8442622114664e-7,NA,NA,-13.831205897678725,NA
Triaenodon obesus,early,Seafan Forest,8,9.663975669454439e-21,NA,NA,-46.08588182933318,NA
Triaenodon obesus,early,Shark Cave,8,1.3081768384288001e-6,NA,NA,-13.546874808314406,NA
Triaenodon obesus,early,Shark Fin Reef,8,0.9999932001732768,NA,NA,11.898606628136271,NA
Triaenodon obesus,early,Shark Point,8,5.320813035835737e-22,NA,NA,-48.985245927907286,NA
Triaenodon obesus,early,Similan Islands,8,2.2660637359994375e-6,NA,NA,-12.997464002591759,NA
Triaenodon obesus,early,Surin Islands,8,3.241819022476755e-6,NA,NA,-12.639372717186404,NA
Triaenodon obesus,early,Three Trees,8,5.527677090383081e-23,NA,NA,-51.24968946756563,NA
Triaenodon obesus,early,Western Rocky,8,1.6623889930241485e-22,NA,NA,-50.14861632566372,NA
Triaenodon obesus,mid,8 Mile Rock,8,3.2206765384600477e-16,NA,NA,-35.671770045305585,NA
Triaenodon obesus,mid,Black Rock,8,1.1428229254593443e-56,NA,NA,-128.81126375571333,NA
Triaenodon obesus,mid,Burma Banks,8,1.242960527605254e-19,NA,NA,-43.531620710610504,NA
Triaenodon obesus,mid,Elephant Head Rock,8,0.9999875878931253,NA,NA,11.296825788636504,NA
Triaenodon obesus,mid,Koh Bida Nok,8,1.2470623570856114e-23,NA,NA,-52.73866646773327,NA
Triaenodon obesus,mid,Koh Bon,8,2.6377837654375064e-12,NA,NA,-26.661082034119513,NA
Triaenodon obesus,mid,Koh Chi,8,8.485485350390764e-22,NA,NA,-48.518514947829836,NA
Triaenodon obesus,mid,Koh Tachai,8,1.6048068612891432e-06,NA,NA,-13.342505539460454,NA
Triaenodon obesus,mid,Mergui Archipelago,8,5.506543234358221e-6,NA,NA,-12.109567987300498,NA
Triaenodon obesus,mid,North Twin,8,3.926909871598691e-22,NA,NA,-49.28901922149177,NA
Triaenodon obesus,mid,Richelieu Rock,8,9.93791686415183e-7,NA,NA,-13.821737229471612,NA
Triaenodon obesus,mid,Seafan Forest,8,9.755915234339977e-21,NA,NA,-46.07641316112607,NA
Triaenodon obesus,mid,Shark Cave,8,1.3206223427012447e-6,NA,NA,-13.537406140107294,NA
Triaenodon obesus,mid,Shark Fin Reef,8,0.9999932642542866,NA,NA,11.908075296343384,NA
Triaenodon obesus,mid,Shark Point,8,5.371433324222627e-22,NA,NA,-48.97577725970018,NA
Triaenodon obesus,mid,Similan Islands,8,2.2876221964520966e-6,NA,NA,-12.987995334384646,NA
Triaenodon obesus,mid,Surin Islands,8,3.2726604137568602e-6,NA,NA,-12.629904048979292,NA
Triaenodon obesus,mid,Three Trees,8,5.580265408472944e-23,NA,NA,-51.24022079935851,NA
Triaenodon obesus,mid,Western Rocky,8,1.678204359899734e-22,NA,NA,-50.139147657456604,NA
Triaenodon obesus,late,8 Mile Rock,8,2.6902842874499787e-16,NA,NA,-35.85171461680814,NA
Triaenodon obesus,late,Black Rock,8,9.546188581766057e-57,NA,NA,-128.99120832721587,NA
Triaenodon obesus,late,Burma Banks,8,1.0382654505676715e-19,NA,NA,-43.71156528211306,NA
Triaenodon obesus,late,Elephant Head Rock,8,0.999985140870142,NA,NA,11.116881217133951,NA
Triaenodon obesus,late,Koh Bida Nok,8,1.0416917764557427e-23,NA,NA,-52.91861103923581,NA
Triaenodon obesus,late,Koh Bon,8,2.2033843303132056e-12,NA,NA,-26.841026605622066,NA
Triaenodon obesus,late,Koh Chi,8,7.08806601250883e-22,NA,NA,-48.69845951933239,NA
Triaenodon obesus,late,Koh Tachai,8,1.340522021625965e-6,NA,NA,-13.522450110963007,NA
Triaenodon obesus,late,Mergui Archipelago,8,4.5997106504474745e-6,NA,NA,-12.28951255880305,NA
Triaenodon obesus,late,North Twin,8,3.280212650862936e-22,NA,NA,-49.46896379299433,NA
Triaenodon obesus,late,Richelieu Rock,8,8.30130739487725e-7,NA,NA,-14.001681800974165,NA
Triaenodon obesus,late,Seafan Forest,8,8.149277069962515e-21,NA,NA,-46.25635773262862,NA
Triaenodon obesus,late,Shark Cave,8,1.10313788686581e-6,NA,NA,-13.717350711609846,NA
Triaenodon obesus,late,Shark Fin Reef,8,0.9999919363059578,NA,NA,11.728130724840831,NA
Triaenodon obesus,late,Shark Point,8,4.4868469405968275e-22,NA,NA,-49.155721831202726,NA
Triaenodon obesus,late,Similan Islands,8,1.9108893103038622e-6,NA,NA,-13.167939905887199,NA
Triaenodon obesus,late,Surin Islands,8,2.73370875010438e-6,NA,NA,-12.809848620481844,NA
Triaenodon obesus,late,Three Trees,8,4.661287828486326e-23,NA,NA,-51.42016537086107,NA
Triaenodon obesus,late,Western Rocky,8,1.401831809762261e-22,NA,NA,-50.31909222895916,NA
Triaenodon obesus,other,8 Mile Rock,8,1.5519793789161987e-23,NA,NA,-52.519926003971094,NA
Triaenodon obesus,other,Black Rock,8,5.507034291974119e-64,NA,NA,-145.65941971437883,NA
Triaenodon obesus,other,Burma Banks,8,5.989577297236183e-27,NA,NA,-60.37977666927601,NA
Triaenodon obesus,other,Elephant Head Rock,8,0.0038672758168995093,NA,NA,-5.551330170029004,NA
Triaenodon obesus,other,Koh Bida Nok,8,6.00934319018861e-31,NA,NA,-69.58682242639877,NA
Triaenodon obesus,other,Koh Bon,8,1.2710950513419676e-19,NA,NA,-43.50923799278502,NA
Triaenodon obesus,other,Koh Chi,8,4.0889850708816604e-29,NA,NA,-65.36667090649534,NA
Triaenodon obesus,other,Koh Tachai,8,7.733254560349711e-14,NA,NA,-30.190661498125962,NA
Triaenodon obesus,other,Mergui Archipelago,8,2.6535072697256574e-13,NA,NA,-28.957723945966006,NA
Triaenodon obesus,other,North Twin,8,1.8922990467393014e-29,NA,NA,-66.13717518015729,NA
Triaenodon obesus,other,Richelieu Rock,8,4.7888874235177926e-14,NA,NA,-30.66989318813712,NA
Triaenodon obesus,other,Seafan Forest,8,4.7011797320663645e-28,NA,NA,-62.92456911979158,NA
Triaenodon obesus,other,Shark Cave,8,6.36382240021882e-14,NA,NA,-30.3855620987728,NA
Triaenodon obesus,other,Shark Fin Reef,8,0.007103204810634843,NA,NA,-4.940080662322124,NA
Triaenodon obesus,other,Shark Point,8,2.588385904286698e-29,NA,NA,-65.82393321836568,NA
Triaenodon obesus,other,Similan Islands,8,1.1023617414255016e-13,NA,NA,-29.836151293050154,NA
Triaenodon obesus,other,Surin Islands,8,1.5770345261068952e-13,NA,NA,-29.4780600076448,NA
Triaenodon obesus,other,Three Trees,8,2.6890178940385866e-30,NA,NA,-68.08837675802403,NA
Triaenodon obesus,other,Western Rocky,8,8.08692996353186e-30,NA,NA,-66.9873036161221,NA
Neotrygon kuhlii,early,8 Mile Rock,8,6.103643438106722e-17,NA,NA,-37.335060703087635,NA
Neotrygon kuhlii,early,Black Rock,8,1.113184802276789e-22,NA,NA,-50.549646947577195,NA
Neotrygon kuhlii,early,Burma Banks,8,8.328453361958105e-6,NA,NA,-11.695824461369803,NA
Neotrygon kuhlii,early,Elephant Head Rock,8,3.8774348034805446e-26,NA,NA,-58.512038615978454,NA
Neotrygon kuhlii,early,Koh Bida Nok,8,3.629741283695402e-28,NA,NA,-63.183221229805724,NA
Neotrygon kuhlii,early,Koh Bon,8,3.3422265575540944e-23,NA,NA,-51.75281991997795,NA
Neotrygon kuhlii,early,Koh Chi,8,4.716992766544252e-5,NA,NA,-9.961706823115563,NA
Neotrygon kuhlii,early,Koh Tachai,8,1.3173217384941912e-5,NA,NA,-11.23731160223766,NA
Neotrygon kuhlii,early,Mergui Archipelago,8,8.498076445205992e-6,NA,NA,-11.675662222529287,NA
Neotrygon kuhlii,early,North Twin,8,5.267865343385985e-5,NA,NA,-9.851247562615207,NA
Neotrygon kuhlii,early,Richelieu Rock,8,4.151188424497936e-5,NA,NA,-10.089489291628137,NA
Neotrygon kuhlii,early,Seafan Forest,8,3.0821629071824737e-27,NA,NA,-61.04416591771899,NA
Neotrygon kuhlii,early,Shark Cave,8,2.0107018833253763e-9,NA,NA,-20.02478197813508,NA
Neotrygon kuhlii,early,Shark Fin Reef,8,4.600508434510861e-27,NA,NA,-60.6436306842106,NA
Neotrygon kuhlii,early,Shark Point,8,1.1558449248516192e-28,NA,NA,-64.32755099063398,NA
Neotrygon kuhlii,early,Similan Islands,8,9.508161489922688e-6,NA,NA,-11.563350515767493,NA
Neotrygon kuhlii,early,Surin Islands,8,7.94369921256136e-6,NA,NA,-11.743123551681627,NA
Neotrygon kuhlii,early,Three Trees,8,0.9999396998325838,NA,NA,9.716115375861293,NA
Neotrygon kuhlii,early,Western Rocky,8,7.104809327413867e-29,NA,NA,-64.81419577203332,NA
Neotrygon kuhlii,mid,8 Mile Rock,8,5.418070089693865e-17,NA,NA,-37.454206900868115,NA
Neotrygon kuhlii,mid,Black Rock,8,9.881496753009037e-23,NA,NA,-50.668793145357675,NA
Neotrygon kuhlii,mid,Burma Banks,8,7.3929918619367365e-6,NA,NA,-11.814970659150283,NA
Neotrygon kuhlii,mid,Elephant Head Rock,8,3.4419136285576415e-26,NA,NA,-58.631184813758935,NA
Neotrygon kuhlii,mid,Koh Bida Nok,8,3.222041536655897e-28,NA,NA,-63.302367427586205,NA
Neotrygon kuhlii,mid,Koh Bon,8,2.96682103535218e-23,NA,NA,-51.87196611775843,NA
Neotrygon kuhlii,mid,Koh Chi,8,4.187192959121072e-5,NA,NA,-10.080853020896043,NA
Neotrygon kuhlii,mid,Koh Tachai,8,1.1693592758062896e-5,NA,NA,-11.356457800018141,NA
Neotrygon kuhlii,mid,Mergui Archipelago,8,7.543562828302181e-6,NA,NA,-11.794808420309767,NA
Neotrygon kuhlii,mid,North Twin,8,4.676195918741511e-5,NA,NA,-9.970393760395687,NA
Neotrygon kuhlii,mid,Richelieu Rock,8,3.684935881125018e-5,NA,NA,-10.208635489408618,NA
Neotrygon kuhlii,mid,Seafan Forest,8,2.7359682504896118e-27,NA,NA,-61.16331211549947,NA
Neotrygon kuhlii,mid,Shark Cave,8,1.784855856385996e-9,NA,NA,-20.143928175915562,NA
Neotrygon kuhlii,mid,Shark Fin Reef,8,4.083770193846604e-27,NA,NA,-60.76277688199108,NA
Neotrygon kuhlii,mid,Shark Point,8,1.0260181282158166e-28,NA,NA,-64.44669718841446,NA
Neotrygon kuhlii,mid,Similan Islands,8,8.440194928928361e-6,NA,NA,-11.682496713547973,NA
Neotrygon kuhlii,mid,Surin Islands,8,7.051453438208683e-6,NA,NA,-11.862269749462108,NA
Neotrygon kuhlii,mid,Three Trees,8,0.99993207029314,NA,NA,9.596969178080812,NA
Neotrygon kuhlii,mid,Western Rocky,8,6.306783038718845e-29,NA,NA,-64.9333419698138,NA
Neotrygon kuhlii,late,8 Mile Rock,8,1.0877369565875152e-16,NA,NA,-36.75726213654389,NA
Neotrygon kuhlii,late,Black Rock,8,1.9838187817269048e-22,NA,NA,-49.97184838103345,NA
Neotrygon kuhlii,late,Burma Banks,8,1.4842130927042275e-5,NA,NA,-11.118025894826062,NA
Neotrygon kuhlii,late,Elephant Head Rock,8,6.910018868685205e-26,NA,NA,-57.93424004943472,NA
Neotrygon kuhlii,late,Koh Bida Nok,8,6.468601544574518e-28,NA,NA,-62.605422663261976,NA
Neotrygon kuhlii,late,Koh Bon,8,5.956218414140417e-23,NA,NA,-51.17502135343421,NA
Neotrygon kuhlii,late,Koh Chi,8,8.405894163584162e-5,NA,NA,-9.383908256571821,NA
Neotrygon kuhlii,late,Koh Tachai,8,2.3475892560128476e-5,NA,NA,-10.65951303569392,NA
Neotrygon kuhlii,late,Mergui Archipelago,8,1.5144414096275583e-5,NA,NA,-11.097863655985545,NA
Neotrygon kuhlii,late,North Twin,8,9.387533532835253e-5,NA,NA,-9.273448996071465,NA
Neotrygon kuhlii,late,Richelieu Rock,8,7.397638005179606e-5,NA,NA,-9.511690725084396,NA
Neotrygon kuhlii,late,Seafan Forest,8,5.4927561453450896e-27,NA,NA,-60.46636735117525,NA
Neotrygon kuhlii,late,Shark Cave,8,3.5832937587391382e-9,NA,NA,-19.44698341159134,NA
Neotrygon kuhlii,late,Shark Fin Reef,8,8.198616275760473e-27,NA,NA,-60.06583211766686,NA
Neotrygon kuhlii,late,Shark Point,8,2.0598438516179157e-28,NA,NA,-63.749752424090246,NA
Neotrygon kuhlii,late,Similan Islands,8,1.6944472325083185e-5,NA,NA,-10.985551949223751,NA
Neotrygon kuhlii,late,Surin Islands,8,1.4156465085719563e-5,NA,NA,-11.165324985137886,NA
Neotrygon kuhlii,late,Three Trees,8,0.9999661627327072,NA,NA,10.293913942405034,NA
Neotrygon kuhlii,late,Western Rocky,8,1.2661558220597812e-28,NA,NA,-64.23639720548957,NA
Neotrygon kuhlii,other,8 Mile Rock,8,1.2041660344809585e-29,NA,NA,-66.58918045705553,NA
Neotrygon kuhlii,other,Black Rock,8,2.1961625750175125e-35,NA,NA,-79.80376670154509,NA
Neotrygon kuhlii,other,Burma Banks,8,1.6431045301635256e-18,NA,NA,-40.9499442153377,NA
Neotrygon kuhlii,other,Elephant Head Rock,8,7.649652766600523e-39,NA,NA,-87.76615836994635,NA
Neotrygon kuhlii,other,Koh Bida Nok,8,7.16098705977997e-41,NA,NA,-92.43734098377362,NA
Neotrygon kuhlii,other,Koh Bon,8,6.593759515865888e-36,NA,NA,-81.00693967394585,NA
Neotrygon kuhlii,other,Koh Chi,8,9.306425697694879e-18,NA,NA,-39.21582657708346,NA
Neotrygon kuhlii,other,Koh Tachai,8,2.5989312886188357e-18,NA,NA,-40.49143135620556,NA
Neotrygon kuhlii,other,Mergui Archipelago,8,1.6765694260929336e-18,NA,NA,-40.92978197649718,NA
Neotrygon kuhlii,other,North Twin,8,1.0393331071205827e-17,NA,NA,-39.105367316583106,NA
Neotrygon kuhlii,other,Richelieu Rock,8,8.190071502548603e-18,NA,NA,-39.34360904559604,NA
Neotrygon kuhlii,other,Seafan Forest,8,6.080689219810388e-40,NA,NA,-90.2982856716869,NA
Neotrygon kuhlii,other,Shark Cave,8,3.9668420063978976e-22,NA,NA,-49.27890173210298,NA
Neotrygon kuhlii,other,Shark Fin Reef,8,9.076178932070052e-40,NA,NA,-89.89775043817849,NA
Neotrygon kuhlii,other,Shark Point,8,2.2803252086187474e-41,NA,NA,-93.58167074460188,NA
Neotrygon kuhlii,other,Similan Islands,8,1.875849088573912e-18,NA,NA,-40.817470269735395,NA
Neotrygon kuhlii,other,Surin Islands,8,1.5671965217525038e-18,NA,NA,-40.997243305649526,NA
Neotrygon kuhlii,other,Three Trees,8,3.271542072547674e-9,NA,NA,-19.538004378106606,NA
Neotrygon kuhlii,other,Western Rocky,8,1.4016824803562012e-41,NA,NA,-94.06831552600121,NA
Pateobatis jenkinsii,early,8 Mile Rock,8,6.559188987411124e-13,NA,NA,-28.05273924357657,NA
Pateobatis jenkinsii,early,Black Rock,8,0.0797833375419481,NA,NA,-2.445294465067523,NA
Pateobatis jenkinsii,early,Burma Banks,8,6.924864838261716e-17,NA,NA,-37.2088280469564,NA
Pateobatis jenkinsii,early,Elephant Head Rock,8,0.07383313293238747,NA,NA,-2.529246833849239,NA
Pateobatis jenkinsii,early,Koh Bida Nok,8,1.7245175397300744e-24,NA,NA,-54.71709490760651,NA
Pateobatis jenkinsii,early,Koh Bon,8,0.12751785839856683,NA,NA,-1.9230857651272366,NA
Pateobatis jenkinsii,early,Koh Chi,8,0.13515268238513153,NA,NA,-1.856147859931756,NA
Pateobatis jenkinsii,early,Koh Tachai,8,3.450244632396557e-22,NA,NA,-49.418426909398555,NA
Pateobatis jenkinsii,early,Mergui Archipelago,8,0.296081012481251,NA,NA,-0.8660301672966284,NA
Pateobatis jenkinsii,early,North Twin,8,9.119230523809778e-22,NA,NA,-48.446486617731594,NA
Pateobatis jenkinsii,early,Richelieu Rock,8,0.14742341310704757,NA,NA,-1.7549542353609873,NA
Pateobatis jenkinsii,early,Seafan Forest,8,5.788666831831475e-19,NA,NA,-41.99321475538408,NA
Pateobatis jenkinsii,early,Shark Cave,8,2.868491930187362e-20,NA,NA,-44.99791542807683,NA
Pateobatis jenkinsii,early,Shark Fin Reef,8,5.9312550200013865e-24,NA,NA,-53.481806402116526,NA
Pateobatis jenkinsii,early,Shark Point,8,7.01389118521149e-23,NA,NA,-51.01156450120731,NA
Pateobatis jenkinsii,early,Similan Islands,8,0.13227653747528573,NA,NA,-1.8809783602904595,NA
Pateobatis jenkinsii,early,Surin Islands,8,0.11775428163832197,NA,NA,-2.0138705151096445,NA
Pateobatis jenkinsii,early,Three Trees,8,2.4282866380321564e-26,NA,NA,-58.9800264964132,NA
Pateobatis jenkinsii,early,Western Rocky,8,0.17478400543957195,NA,NA,-1.5520942066834849,NA
Pateobatis jenkinsii,mid,8 Mile Rock,8,3.6822227029539433e-13,NA,NA,-28.630089643705254,NA
Pateobatis jenkinsii,mid,Black Rock,8,0.04641327467404016,NA,NA,-3.022644865196206,NA
Pateobatis jenkinsii,mid,Burma Banks,8,3.8875072164053663e-17,NA,NA,-37.786178447085085,NA
Pateobatis jenkinsii,mid,Elephant Head Rock,8,0.04283594428430488,NA,NA,-3.106597233977922,NA
Pateobatis jenkinsii,mid,Koh Bida Nok,8,9.6811627910433e-25,NA,NA,-55.29444530773519,NA
Pateobatis jenkinsii,mid,Koh Bon,8,0.07582760887179847,NA,NA,-2.5004361652559197,NA
Pateobatis jenkinsii,mid,Koh Chi,8,0.08065369504556866,NA,NA,-2.433498260060439,NA
Pateobatis jenkinsii,mid,Koh Tachai,8,1.9369115816811233e-22,NA,NA,-49.99577730952724,NA
Pateobatis jenkinsii,mid,Mergui Archipelago,8,0.1910223941414199,NA,NA,-1.4433805674253115,NA
Pateobatis jenkinsii,mid,North Twin,8,5.119388651963032e-22,NA,NA,-49.023837017860274,NA
Pateobatis jenkinsii,mid,Richelieu Rock,8,0.08848261010957102,NA,NA,-2.3323046354896704,NA
Pateobatis jenkinsii,mid,Seafan Forest,8,3.249664016223612e-19,NA,NA,-42.57056515551277,NA
Pateobatis jenkinsii,mid,Shark Cave,8,1.610325015614764e-20,NA,NA,-45.57526582820552,NA
Pateobatis jenkinsii,mid,Shark Fin Reef,8,3.329710720878695e-24,NA,NA,-54.05915680224521,NA
Pateobatis jenkinsii,mid,Shark Point,8,3.937485168943184e-23,NA,NA,-51.588914901336,NA
Pateobatis jenkinsii,mid,Similan Islands,8,0.07883161250097165,NA,NA,-2.4583287604191426,NA
Pateobatis jenkinsii,mid,Surin Islands,8,0.06970556894377847,NA,NA,-2.5912209152383276,NA
Pateobatis jenkinsii,mid,Three Trees,8,1.3632008781878884e-26,NA,NA,-59.55737689654188,NA
Pateobatis jenkinsii,mid,Western Rocky,8,0.10626772855311697,NA,NA,-2.129444606812168,NA
Pateobatis jenkinsii,late,8 Mile Rock,8,9.069974757961178e-14,NA,NA,-30.031221820818605,NA
Pateobatis jenkinsii,late,Black Rock,8,0.01184683412702085,NA,NA,-4.423777042309556,NA
Pateobatis jenkinsii,late,Burma Banks,8,9.575627323109242e-18,NA,NA,-39.18731062419843,NA
Pateobatis jenkinsii,late,Elephant Head Rock,8,0.010903269755940352,NA,NA,-4.5077294110912725,NA
Pateobatis jenkinsii,late,Koh Bida Nok,8,2.384643983429085e-25,NA,NA,-56.69557748484854,NA
Pateobatis jenkinsii,late,Koh Bon,8,0.019809829657110773,NA,NA,-3.90156834236927,NA
Pateobatis jenkinsii,late,Koh Chi,8,0.021152237465663696,NA,NA,-3.8346304371737894,NA
Pateobatis jenkinsii,late,Koh Tachai,8,4.770960523423119e-23,NA,NA,-51.39690948664059,NA
Pateobatis jenkinsii,late,Mergui Archipelago,8,0.054965654510472015,NA,NA,-2.8445127445386618,NA
Pateobatis jenkinsii,late,North Twin,8,1.2609972181268512e-22,NA,NA,-50.42496919497363,NA
Pateobatis jenkinsii,late,Richelieu Rock,8,0.023352156326133834,NA,NA,-3.7334368126030206,NA
Pateobatis jenkinsii,late,Seafan Forest,8,8.004505152648693e-20,NA,NA,-43.971697332626114,NA
Pateobatis jenkinsii,late,Shark Cave,8,3.966519252629254e-21,NA,NA,-46.97639800531886,NA
Pateobatis jenkinsii,late,Shark Fin Reef,8,8.201674538980743e-25,NA,NA,-55.46028897935856,NA
Pateobatis jenkinsii,late,Shark Point,8,9.6987319815018e-24,NA,NA,-52.990047078449344,NA
Pateobatis jenkinsii,late,Similan Islands,8,0.020644193181709763,NA,NA,-3.859460937532493,NA
Pateobatis jenkinsii,late,Surin Islands,8,0.0181217740624725,NA,NA,-3.992353092351678,NA
Pateobatis jenkinsii,late,Three Trees,8,3.357808191577444e-27,NA,NA,-60.958509073655236,NA
Pateobatis jenkinsii,late,Western Rocky,8,0.028454638177271313,NA,NA,-3.530576783925518,NA
Pateobatis jenkinsii,other,8 Mile Rock,8,9.626255283231289e-32,NA,NA,-71.41822868510242,NA
Pateobatis jenkinsii,other,Black Rock,8,1.2724166334237225e-20,NA,NA,-45.81078390659337,NA
Pateobatis jenkinsii,other,Burma Banks,8,1.0162920577967065e-35,NA,NA,-80.57431748848225,NA
Pateobatis jenkinsii,other,Elephant Head Rock,8,1.169955348616558e-20,NA,NA,-45.89473627537509,NA
Pateobatis jenkinsii,other,Koh Bida Nok,8,2.530899187338844e-43,NA,NA,-98.08258434913236,NA
Pateobatis jenkinsii,other,Koh Bon,8,2.1449723314970843e-20,NA,NA,-45.288575206653086,NA
Pateobatis jenkinsii,other,Koh Chi,8,2.293466798085337e-20,NA,NA,-45.221637301457605,NA
Pateobatis jenkinsii,other,Koh Tachai,8,5.0635735126356e-41,NA,NA,-92.7839163509244,NA
Pateobatis jenkinsii,other,Mergui Archipelago,8,6.172983380125291e-20,NA,NA,-44.23151960882248,NA
Pateobatis jenkinsii,other,North Twin,8,1.3383368153784193e-40,NA,NA,-91.81197605925745,NA
Pateobatis jenkinsii,other,Richelieu Rock,8,2.5377000609000708e-20,NA,NA,-45.120443676886836,NA
Pateobatis jenkinsii,other,Seafan Forest,8,8.49543819818199e-38,NA,NA,-85.35870419690993,NA
Pateobatis jenkinsii,other,Shark Cave,8,4.2097941759036024e-39,NA,NA,-88.36340486960268,NA
Pateobatis jenkinsii,other,Shark Fin Reef,8,8.704700395433887e-43,NA,NA,-96.84729584364237,NA
Pateobatis jenkinsii,other,Shark Point,8,1.0293575502579965e-41,NA,NA,-94.37705394273316,NA
Pateobatis jenkinsii,other,Similan Islands,8,2.2372200769450608e-20,NA,NA,-45.24646780181631,NA
Pateobatis jenkinsii,other,Surin Islands,8,1.9588193185631914e-20,NA,NA,-45.3793599566355,NA
Pateobatis jenkinsii,other,Three Trees,8,3.5637495921226204e-45,NA,NA,-102.34551593793906,NA
Pateobatis jenkinsii,other,Western Rocky,8,3.108431355579387e-20,NA,NA,-44.91758364820933,NA
Stegostoma tigrinum,early,8 Mile Rock,8,8.591498086810779e-14,NA,NA,-30.085418182195873,NA
Stegostoma tigrinum,early,Black Rock,8,1.5134755388746559e-18,NA,NA,-41.032122986503055,NA
Stegostoma tigrinum,early,Burma Banks,8,1.5506597255176493e-14,NA,NA,-31.797510832173728,NA
Stegostoma tigrinum,early,Elephant Head Rock,8,2.8972988061259726e-5,NA,NA,-10.44911763479901,NA
Stegostoma tigrinum,early,Koh Bida Nok,8,1.3219660556728336e-16,NA,NA,-36.56224142330047,NA
Stegostoma tigrinum,early,Koh Bon,8,8.141546419770747e-6,NA,NA,-11.718522276554957,NA
Stegostoma tigrinum,early,Koh Chi,8,5.812006815590861e-17,NA,NA,-37.38402066251578,NA
Stegostoma tigrinum,early,Koh Tachai,8,7.236746371376646e-28,NA,NA,-62.49321089466309,NA
Stegostoma tigrinum,early,Mergui Archipelago,8,3.185719942248433e-8,NA,NA,-17.262002407092304,NA
Stegostoma tigrinum,early,North Twin,8,3.817864197846173e-7,NA,NA,-14.778404113425383,NA
Stegostoma tigrinum,early,Richelieu Rock,8,2.762955106906028e-12,NA,NA,-26.614720318069445,NA
Stegostoma tigrinum,early,Seafan Forest,8,1.5648491305685678e-25,NA,NA,-57.116837907698624,NA
Stegostoma tigrinum,early,Shark Cave,8,4.7491447766331596e-26,NA,NA,-58.30924786303365,NA
Stegostoma tigrinum,early,Shark Fin Reef,8,2.97235840830994e-14,NA,NA,-31.146835587342203,NA
Stegostoma tigrinum,early,Shark Point,8,0.9999936729215824,NA,NA,11.970665646646175,NA
Stegostoma tigrinum,early,Similan Islands,8,2.3345195447876071e-7,NA,NA,-15.27028930996106,NA
Stegostoma tigrinum,early,Surin Islands,8,7.115958244071861e-13,NA,NA,-27.971266307028728,NA
Stegostoma tigrinum,early,Three Trees,8,1.8246364435340326e-21,NA,NA,-47.752906194707705,NA
Stegostoma tigrinum,early,Western Rocky,8,4.605131898673728e-14,NA,NA,-30.70901999012793,NA
Stegostoma tigrinum,mid,8 Mile Rock,8,4.138627584620257e-13,NA,NA,-28.513241977343114,NA
Stegostoma tigrinum,mid,Black Rock,8,7.290593038078468e-18,NA,NA,-39.459946781650295,NA
Stegostoma tigrinum,mid,Burma Banks,8,7.46971372110379e-14,NA,NA,-30.22533462732097,NA
Stegostoma tigrinum,mid,Elephant Head Rock,8,1.3955092206229656e-4,NA,NA,-8.87694142994625,NA
Stegostoma tigrinum,mid,Koh Bida Nok,8,6.368068907959145e-16,NA,NA,-34.99006521844771,NA
Stegostoma tigrinum,mid,Koh Bon,8,3.9217585971082665e-5,NA,NA,-10.146346071702197,NA
Stegostoma tigrinum,mid,Koh Chi,8,2.7997133312453427e-16,NA,NA,-35.81184445766303,NA
Stegostoma tigrinum,mid,Koh Tachai,8,3.4860274486317754e-27,NA,NA,-60.921034689810334,NA
Stegostoma tigrinum,mid,Mergui Archipelago,8,1.5345992856398847e-7,NA,NA,-15.689826202239546,NA
Stegostoma tigrinum,mid,North Twin,8,1.8391082552950318e-6,NA,NA,-13.206227908572624,NA
Stegostoma tigrinum,mid,Richelieu Rock,8,1.330948584851113e-11,NA,NA,-25.042544113216685,NA
Stegostoma tigrinum,mid,Seafan Forest,8,7.538065785621602e-25,NA,NA,-55.54466170284587,NA
Stegostoma tigrinum,mid,Shark Cave,8,2.2877199502737357e-25,NA,NA,-56.73707165818089,NA
Stegostoma tigrinum,mid,Shark Fin Reef,8,1.4318206645354107e-13,NA,NA,-29.574659382489443,NA
Stegostoma tigrinum,mid,Shark Point,8,0.9999986865366949,NA,NA,13.542841851498935,NA
Stegostoma tigrinum,mid,Similan Islands,8,1.1245650383200233e-6,NA,NA,-13.6981131051083,NA
Stegostoma tigrinum,mid,Surin Islands,8,3.4278423602354014e-12,NA,NA,-26.39909010217597,NA
Stegostoma tigrinum,mid,Three Trees,8,8.789492403785182e-21,NA,NA,-46.180729989854946,NA
Stegostoma tigrinum,mid,Western Rocky,8,2.2183472211821735e-13,NA,NA,-29.136843785275172,NA
Stegostoma tigrinum,late,8 Mile Rock,8,6.676086179907365e-14,NA,NA,-30.337659387286678,NA
Stegostoma tigrinum,late,Black Rock,8,1.1760571935900245e-18,NA,NA,-41.28436419159386,NA
Stegostoma tigrinum,late,Burma Banks,8,1.2049514367185318e-14,NA,NA,-32.04975203726453,NA
Stegostoma tigrinum,late,Elephant Head Rock,8,2.251381687347931e-5,NA,NA,-10.701358839889814,NA
Stegostoma tigrinum,late,Koh Bida Nok,8,1.0272433544660187e-16,NA,NA,-36.814482628391275,NA
Stegostoma tigrinum,late,Koh Bon,8,6.326459442152416e-6,NA,NA,-11.970763481645761,NA
Stegostoma tigrinum,late,Koh Chi,8,4.516262238207156e-17,NA,NA,-37.63626186760659,NA
Stegostoma tigrinum,late,Koh Tachai,8,5.623366489670678e-28,NA,NA,-62.7454520997539,NA
Stegostoma tigrinum,late,Mergui Archipelago,8,2.475486907597961e-8,NA,NA,-17.514243612183108,NA
Stegostoma tigrinum,late,North Twin,8,2.966699441697451e-7,NA,NA,-15.030645318516187,NA
Stegostoma tigrinum,late,Richelieu Rock,8,2.1469743947505198e-12,NA,NA,-26.86696152316025,NA
Stegostoma tigrinum,late,Seafan Forest,8,1.2159774172872589e-25,NA,NA,-57.369079112789436,NA
Stegostoma tigrinum,late,Shark Cave,8,3.6903575475774386e-26,NA,NA,-58.56148906812445,NA
Stegostoma tigrinum,late,Shark Fin Reef,8,2.3096927556687985e-14,NA,NA,-31.399076792433007,NA
Stegostoma tigrinum,late,Shark Point,8,0.9999918576570195,NA,NA,11.71842444155537,NA
Stegostoma tigrinum,late,Similan Islands,8,1.8140555143430517e-7,NA,NA,-15.522530515051864,NA
Stegostoma tigrinum,late,Surin Islands,8,5.529507195372895e-13,NA,NA,-28.223507512119532,NA
Stegostoma tigrinum,late,Three Trees,8,1.417847041452869e-21,NA,NA,-48.00514739979851,NA
Stegostoma tigrinum,late,Western Rocky,8,3.5784512915835895e-14,NA,NA,-30.961261195218736,NA
Stegostoma tigrinum,other,8 Mile Rock,8,2.1824745458232704e-13,NA,NA,-29.153146863111793,NA
Stegostoma tigrinum,other,Black Rock,8,3.8446401383611e-18,NA,NA,-40.099851667418974,NA
Stegostoma tigrinum,other,Burma Banks,8,3.9390981013791987e-14,NA,NA,-30.865239513089648,NA
Stegostoma tigrinum,other,Elephant Head Rock,8,7.359599757954537e-5,NA,NA,-9.516846315714929,NA
Stegostoma tigrinum,other,Koh Bida Nok,8,3.358153883986627e-16,NA,NA,-35.62997010421639,NA
Stegostoma tigrinum,other,Koh Bon,8,2.068148630749316e-5,NA,NA,-10.786250957470877,NA
Stegostoma tigrinum,other,Koh Chi,8,1.476408049796667e-16,NA,NA,-36.4517493434317,NA
Stegostoma tigrinum,other,Koh Tachai,8,1.838330706766575e-27,NA,NA,-61.56093957557901,NA
Stegostoma tigrinum,other,Mergui Archipelago,8,8.092596043977751e-8,NA,NA,-16.329731088008224,NA
Stegostoma tigrinum,other,North Twin,8,9.698409342719326e-7,NA,NA,-13.846132794341303,NA
Stegostoma tigrinum,other,Richelieu Rock,8,7.018658598442825e-12,NA,NA,-25.682448998985365,NA
Stegostoma tigrinum,other,Seafan Forest,8,3.9751430553920867e-25,NA,NA,-56.184566588614544,NA
Stegostoma tigrinum,other,Shark Cave,8,1.2064121396179346e-25,NA,NA,-57.37697654394957,NA
Stegostoma tigrinum,other,Shark Fin Reef,8,7.550600025342997e-14,NA,NA,-30.214564268258123,NA
Stegostoma tigrinum,other,Shark Point,8,0.9999975092818028,NA,NA,12.902936965730255,NA
Stegostoma tigrinum,other,Similan Islands,8,5.930313432741331e-7,NA,NA,-14.33801799087698,NA
Stegostoma tigrinum,other,Surin Islands,8,1.8076472321695079e-12,NA,NA,-27.038994987944648,NA
Stegostoma tigrinum,other,Three Trees,8,4.635073596196632e-21,NA,NA,-46.820634875623625,NA
Stegostoma tigrinum,other,Western Rocky,8,1.1698289457159922e-13,NA,NA,-29.77674867104385,NA
Rhinobatidae spp,early,8 Mile Rock,8,9.894314462486135e-16,NA,NA,-34.54940119245428,NA
Rhinobatidae spp,early,Black Rock,8,3.1081326090860575e-17,NA,NA,-38.00992448228748,NA
Rhinobatidae spp,early,Burma Banks,8,3.328932284927352e-19,NA,NA,-42.54646514946591,NA
Rhinobatidae spp,early,Elephant Head Rock,8,5.710361994535874e-4,NA,NA,-7.467486754423803,NA
Rhinobatidae spp,early,Koh Bida Nok,8,4.791224409110229e-26,NA,NA,-58.300426421318704,NA
Rhinobatidae spp,early,Koh Bon,8,4.8043058341083224e-4,NA,NA,-7.640347261370405,NA
Rhinobatidae spp,early,Koh Chi,8,8.389964251207126e-4,NA,NA,-7.0824647638076925,NA
Rhinobatidae spp,early,Koh Tachai,8,2.7971716021485793e-28,NA,NA,-63.443773839279274,NA
Rhinobatidae spp,early,Mergui Archipelago,8,4.9935254588827513e-05,NA,NA,-9.904733363376302,NA
Rhinobatidae spp,early,North Twin,8,5.21074635257856e-19,NA,NA,-42.098393667527596,NA
Rhinobatidae spp,early,Richelieu Rock,8,6.828696795406535e-5,NA,NA,-9.59172332623709,NA
Rhinobatidae spp,early,Seafan Forest,8,1.1336893918308937e-19,NA,NA,-43.62363950401114,NA
Rhinobatidae spp,early,Shark Cave,8,7.011129387446521e-20,NA,NA,-44.10420306090603,NA
Rhinobatidae spp,early,Shark Fin Reef,8,6.659651874905209e-31,NA,NA,-69.48407067066455,NA
Rhinobatidae spp,early,Shark Point,8,4.0490924749872096e-4,NA,NA,-7.811442604972154,NA
Rhinobatidae spp,early,Similan Islands,8,1.6695816537155625e-4,NA,NA,-8.697600311582288,NA
Rhinobatidae spp,early,Surin Islands,8,7.160795324495242e-5,NA,NA,-9.544232800809137,NA
Rhinobatidae spp,early,Three Trees,8,3.49145779749757e-25,NA,NA,-56.314307968832736,NA
Rhinobatidae spp,early,Western Rocky,8,6.703071804920111e-20,NA,NA,-44.14913596020679,NA
Rhinobatidae spp,mid,8 Mile Rock,8,2.0754933098409637e-16,NA,NA,-36.11116262279528,NA
Rhinobatidae spp,mid,Black Rock,8,6.5198134349933864e-18,NA,NA,-39.571685912628475,NA
Rhinobatidae spp,mid,Burma Banks,8,6.982976650354253e-20,NA,NA,-44.1082265798069,NA
Rhinobatidae spp,mid,Elephant Head Rock,8,1.1983820337770246e-4,NA,NA,-9.029248184764796,NA
Rhinobatidae spp,mid,Koh Bida Nok,8,1.005037210486672e-26,NA,NA,-59.8621878516597,NA
Rhinobatidae spp,mid,Koh Bon,8,1.0081640039864286e-4,NA,NA,-9.202108691711398,NA
Rhinobatidae spp,mid,Koh Chi,8,1.7610990113157312e-4,NA,NA,-8.644226194148686,NA
Rhinobatidae spp,mid,Koh Tachai,8,5.867522170179497e-29,NA,NA,-65.00553526962027,NA
Rhinobatidae spp,mid,Mergui Archipelago,8,1.0475144799430506e-5,NA,NA,-11.466494793717295,NA
Rhinobatidae spp,mid,North Twin,8,1.0930387582746745e-19,NA,NA,-43.66015509786859,NA
Rhinobatidae spp,mid,Richelieu Rock,8,1.432507468513067e-5,NA,NA,-11.153484756578084,NA
Rhinobatidae spp,mid,Seafan Forest,8,2.3780978026359008e-20,NA,NA,-45.18540093435213,NA
Rhinobatidae spp,mid,Shark Cave,8,1.4706983685677468e-20,NA,NA,-45.665964491247024,NA
Rhinobatidae spp,mid,Shark Fin Reef,8,1.3969702463613154e-31,NA,NA,-71.04583210100554,NA
Rhinobatidae spp,mid,Shark Point,8,8.496348326697407e-5,NA,NA,-9.373204035313147,NA
Rhinobatidae spp,mid,Similan Islands,8,3.502681071299454e-5,NA,NA,-10.259361741923282,NA
Rhinobatidae spp,mid,Surin Islands,8,1.5021782357660118e-5,NA,NA,-11.105994231150131,NA
Rhinobatidae spp,mid,Three Trees,8,7.323900334654865e-26,NA,NA,-57.87606939917373,NA
Rhinobatidae spp,mid,Western Rocky,8,1.4060782825573926e-20,NA,NA,-45.710897390547785,NA
Rhinobatidae spp,late,8 Mile Rock,8,5.563168734424794e-16,NA,NA,-35.12519362571938,NA
Rhinobatidae spp,late,Black Rock,8,1.7475759658612063e-17,NA,NA,-38.58571691555258,NA
Rhinobatidae spp,late,Burma Banks,8,1.8717226015749425e-19,NA,NA,-43.12225758273101,NA
Rhinobatidae spp,late,Elephant Head Rock,8,3.211505987503452e-4,NA,NA,-8.043279187688903,NA
Rhinobatidae spp,late,Koh Bida Nok,8,2.693909712839014e-26,NA,NA,-58.876218854583804,NA
Rhinobatidae spp,late,Koh Bon,8,2.7018330701644987e-4,NA,NA,-8.216139694635505,NA
Rhinobatidae spp,late,Koh Chi,8,4.7190672181709824e-4,NA,NA,-7.658257197072793,NA
Rhinobatidae spp,late,Koh Tachai,8,1.5727352977200567e-28,NA,NA,-64.01956627254437,NA
Rhinobatidae spp,late,Mergui Archipelago,8,2.8077167000203585e-5,NA,NA,-10.480525796641402,NA
Rhinobatidae spp,late,North Twin,8,2.9297897597242147e-19,NA,NA,-42.674186100792696,NA
Rhinobatidae spp,late,Richelieu Rock,8,3.839611956932619e-5,NA,NA,-10.16751575950219,NA
Rhinobatidae spp,late,Seafan Forest,8,6.374272217741815e-20,NA,NA,-44.199431937276245,NA
Rhinobatidae spp,late,Shark Cave,8,3.942071575462017e-20,NA,NA,-44.67999549417113,NA
Rhinobatidae spp,late,Shark Fin Reef,8,3.744450131749417e-31,NA,NA,-70.05986310392964,NA
Rhinobatidae spp,late,Shark Point,8,2.2770428454465988e-4,NA,NA,-8.387235038237254,NA
Rhinobatidae spp,late,Similan Islands,8,9.388061558363818e-5,NA,NA,-9.273392744847389,NA
Rhinobatidae spp,late,Surin Islands,8,4.026348825252823e-5,NA,NA,-10.120025234074237,NA
Rhinobatidae spp,late,Three Trees,8,1.9631040563998534e-25,NA,NA,-56.89010040209783,NA
Rhinobatidae spp,late,Western Rocky,8,3.768863384231475e-20,NA,NA,-44.72492839347189,NA
Rhinobatidae spp,other,8 Mile Rock,8,2.5387459863199507e-22,NA,NA,-49.72520179292483,NA
Rhinobatidae spp,other,Black Rock,8,7.975043866035235e-24,NA,NA,-53.185725082758026,NA
Rhinobatidae spp,other,Burma Banks,8,8.541585684519122e-26,NA,NA,-57.722265749936454,NA
Rhinobatidae spp,other,Elephant Head Rock,8,1.466038074618201e-10,NA,NA,-22.643287354894348,NA
Rhinobatidae spp,other,Koh Bida Nok,8,1.2293627602301297e-32,NA,NA,-73.47622702178924,NA
Rhinobatidae spp,other,Koh Bon,8,1.2333117958141206e-10,NA,NA,-22.81614786184095,NA
Rhinobatidae spp,other,Koh Chi,8,2.1545579296239295e-10,NA,NA,-22.258265364278238,NA
Rhinobatidae spp,other,Koh Tachai,8,7.177160383296082e-35,NA,NA,-78.61957443974981,NA
Rhinobatidae spp,other,Mergui Archipelago,8,1.2813344309686631e-11,NA,NA,-25.080533963846847,NA
Rhinobatidae spp,other,North Twin,8,1.3370063624414208e-25,NA,NA,-57.27419426799814,NA
Rhinobatidae spp,other,Richelieu Rock,8,1.752270010478165e-11,NA,NA,-24.767523926707636,NA
Rhinobatidae spp,other,Seafan Forest,8,2.9088921765692234e-26,NA,NA,-58.79944010448169,NA
Rhinobatidae spp,other,Shark Cave,8,1.7989600653421354e-26,NA,NA,-59.280003661376576,NA
Rhinobatidae spp,other,Shark Fin Reef,8,1.7087757349745025e-37,NA,NA,-84.6598712711351,NA
Rhinobatidae spp,other,Shark Point,8,1.0393626870429578e-10,NA,NA,-22.9872432054427,NA
Rhinobatidae spp,other,Similan Islands,8,4.284633900051441e-11,NA,NA,-23.873400912052833,NA
Rhinobatidae spp,other,Surin Islands,8,1.8374938802744884e-11,NA,NA,-24.720033401279682,NA
Rhinobatidae spp,other,Three Trees,8,8.958603957262214e-32,NA,NA,-71.49010856930327,NA
Rhinobatidae spp,other,Western Rocky,8,1.7199166961264536e-26,NA,NA,-59.32493656067734,NA
