species,genus,species_epithet,scientific_name,group,country,region,dive_site,site_type,sighting_date_raw,n,sighting_date,year,month
oceanic manta,Mobula,birostris,Mobula birostris,ray,Thailand,Similan,Koh Tachai,site,2012-12-25,2,2012-12-25,2012,12
oceanic manta,Mobula,birostris,Mobula birostris,ray,Thailand,Similan,Koh Tachai,site,2025-12-25,2,2025-12-25,2025,12
ocellated eagle ray,Aetobatus,ocellatus,Aetobatus ocellatus,ray,Myanmar,Mergui,Seafan Forest,site,2012-12-20,1,2012-12-20,2012,12
blotched fantail ray,Taeniurops,meyeni,Taeniurops meyeni,ray,Myanmar,Mergui,Shark Cave,site,2012-12-28,2,2012-12-28,2012,12
zebra shark,Stegostoma,tigrinum,Stegostoma tigrinum,shark,Myanmar,Mergui,Mergui Archipelago,NA,2012-12-19,1,2012-12-19,2012,12
whale shark,Rhinocodon,typus,Rhinocodon typus,shark,Thailand,Surin,Richelieu Rock,site,2022-03-08,1,2022-03-08,2022,3
ocellated eagle ray,Aetobatus,ocellatus,Aetobatus ocellatus,ray,Thailand,Surin,Koh Torinla,site,2020-12-13,1,2020-12-13,2020,12
ocellated eagle ray,Aetobatus,ocellatus,Aetobatus ocellatus,ray,Thailand,Surin,Richelieu Rock,site,2020-12-13,1,2020-12-13,2020,12
jenkins' whipray,Pateobatis,jenkinsii,Pateobatis jenkinsii,ray,Thailand,Surin,Koh Torinla,site,2020-12-12,1,2020-12-12,2020,12
blotched fantail ray,Taeniurops,meyeni,Taeniurops meyeni,ray,Thailand,Surin,Koh Torinla,site,2020-12-12,1,2020-12-12,2020,12
jenkins' whipray,Pateobatis,jenkinsii,Pateobatis jenkinsii,ray,Thailand,Surin,Koh Torinla,site,2020-12-12,1,2020-12-12,2020,12
oceanic manta,Mobula,birostris,Mobula birostris,ray,Thailand,Similan,Koh Bon,site,2022-04-17,1,2022-04-17,2022,4
ocellated eagle ray,Aetobatus,ocellatus,Aetobatus ocellatus,ray,Thailand,Similan,Koh Bon,site,2022-04-17,1,2022-04-17,2022,4
whale shark,Rhinocodon,typus,Rhinocodon typus,shark,Thailand,Similan,Koh Bon,site,2022-04-18,1,2022-04-18,2022,4
oceanic manta,Mobula,birostris,Mobula birostris,ray,Thailand,Similan,Koh Bon,site,2022-03-20,1,2022-03-20,2022,3
ocellated eagle ray,Aetobatus,ocellatus,Aetobatus ocellatus,ray,Thailand,Similan,Koh Bon,site,2022-03-20,1,2022-03-20,2022,3
jenkins' whipray,Pateobatis,jenkinsii,Pateobatis jenkinsii,ray,Thailand,Surin,Koh Chi,site,2022-03-16,5,2022-03-16,2022,3
cowtail stingray,Pastinachus,sephen,Pastinachus sephen,ray,Thailand,Similan,Shark Fin Reef,site,2022-03-16,1,2022-03-16,2022,3
bluespotted maskray,Neotrygon,kuhlii,Neotrygon kuhlii,ray,Thailand,Similan,Three Trees,site,2025-02-18,1,2025-02-18,2025,2
bluespotted maskray,Neotrygon,kuhlii,Neotrygon kuhlii,ray,Thailand,Similan,Three Trees,site,2025-02-22,3,2025-02-22,2025,2
blacktip reef shark,Carcharhinus,melanopterus,Carcharhinus melanopterus,shark,Thailand,Similan,Koh Bon,site,2025-02-22,3,2025-02-22,2025,2
ocellated eagle ray,Aetobatus,ocellatus,Aetobatus ocellatus,ray,Thailand,Surin,Richelieu Rock,site,2022-10-16,1,2022-10-16,2022,10
blacktip reef shark,Carcharhinus,melanopterus,Carcharhinus melanopterus,shark,Thailand,Surin,Richelieu Rock,site,2022-10-17,6,2022-10-17,2022,10
ocellated eagle ray,Aetobatus,ocellatus,Aetobatus ocellatus,ray,Thailand,Similan,Koh Bon,site,2022-04-23,1,2022-04-23,2022,4
blacktip reef shark,Carcharhinus,melanopterus,Carcharhinus melanopterus,shark,Thailand,Similan,Koh Tachai,site,2022-10-27,1,2022-10-27,2022,10
oceanic manta,Mobula,birostris,Mobula birostris,ray,Thailand,Similan,Koh Bon,site,2022-03-25,1,2022-03-25,2022,3
oceanic manta,Mobula,birostris,Mobula birostris,ray,Thailand,Similan,Koh Bon,site,2022-03-26,1,2022-03-26,2022,3
ocellated eagle ray,Aetobatus,ocellatus,Aetobatus ocellatus,ray,Thailand,Similan,Koh Bon,site,2022-03-25,1,2022-03-25,2022,3
guitarfish,Rhinobatidae,spp,Rhinobatidae spp,ray,Thailand,Surin,Koh Chi,site,2021-02-26,1,2021-02-26,2021,2
whale shark,Rhinocodon,typus,Rhinocodon typus,shark,Thailand,Surin,Richelieu Rock,site,2021-12-27,2,2021-12-27,2021,12
guitarfish,Rhinobatidae,spp,Rhinobatidae spp,ray,Thailand,Surin,Koh Torinla,site,2021-12-27,1,2021-12-27,2021,12
ocellated eagle ray,Aetobatus,ocellatus,Aetobatus ocellatus,ray,Myanmar,Mergui,Seafan Forest,site,2012-11-15,1,2012-11-15,2012,11
whale shark,Rhinocodon,typus,Rhinocodon typus,shark,Thailand,Surin,Richelieu Rock,site,2014-01-20,1,2014-01-20,2014,1
ocellated eagle ray,Aetobatus,ocellatus,Aetobatus ocellatus,ray,Thailand,Surin,Richelieu Rock,site,2020-12-6,1,2020-12-06,2020,12
ocellated eagle ray,Aetobatus,ocellatus,Aetobatus ocellatus,ray,Thailand,Surin,Surin Islands,NA,2021-03-05,1,2021-03-05,2021,3
ocellated eagle ray,Aetobatus,ocellatus,Aetobatus ocellatus,ray,Thailand,Similan,Koh Bon,site,2021-03-06,1,2021-03-06,2021,3
blotched fantail ray,Taeniurops,meyeni,Taeniurops meyeni,ray,Thailand,Similan,Koh Bon,site,2021-03-06,4,2021-03-06,2021,3
giant guitarfish,Rhynchobatus,spp,Rhynchobatus spp,ray,Thailand,Surin,Surin Islands,NA,2021-03-05,1,2021-03-05,2021,3
brown banded bamboo shark,Chiloscyllium,punctatum,Chiloscyllium punctatum,shark,Myanmar,Mergui,Submarine,site,2019-10-25,1,2019-10-25,2019,10
whale shark,Rhinocodon,typus,Rhinocodon typus,shark,Myanmar,Mergui,Shark Cave,site,2019-10-26,1,2019-10-26,2019,10
shark,Carcharhinidae,spp,Carcharhinidae spp,shark,Thailand,Phuket,Koh Bida Nok,site,2022-04-09,5,2022-04-09,2022,4
whale shark,Rhinocodon,typus,Rhinocodon typus,shark,Thailand,Koh Lanta,Hin Daeng,site,2022-04-07,1,2022-04-07,2022,4
ocellated eagle ray,Aetobatus,ocellatus,Aetobatus ocellatus,ray,Myanmar,Mergui,Ba Wei,site,2023-12-10,1,2023-12-10,2023,12
blotched fantail ray,Taeniurops,meyeni,Taeniurops meyeni,ray,Myanmar,Mergui,Shark Cave,site,2023-12-11,1,2023-12-11,2023,12
blotched fantail ray,Taeniurops,meyeni,Taeniurops meyeni,ray,Myanmar,Mergui,Submarine,site,2023-12-11,2,2023-12-11,2023,12
blotched fantail ray,Taeniurops,meyeni,Taeniurops meyeni,ray,Myanmar,Mergui,Western Rocky,site,2023-12-11,3,2023-12-11,2023,12
blotched fantail ray,Taeniurops,meyeni,Taeniurops meyeni,ray,Myanmar,Mergui,Black Rock,site,2023-12-12,2,2023-12-12,2023,12
grey-spotted guitarfish,acroteriovatus,spp,acroteriovatus spp,ray,Myanmar,Mergui,Black Rock,site,2023-12-12,7,2023-12-12,2023,12
blotched fantail ray,Taeniurops,meyeni,Taeniurops meyeni,ray,Myanmar,Mergui,North Twin,site,2023-12-13,1,2023-12-13,2023,12
porcupine ray,Urogymnus,asperrimus,Urogymnus asperrimus,ray,Myanmar,Burma Banks,Burma Banks,NA,2023-12-14,1,2023-12-14,2023,12
blotched fantail ray,Taeniurops,meyeni,Taeniurops meyeni,ray,Myanmar,Burma Banks,Burma Banks,NA,2023-12-15,5,2023-12-15,2023,12
jenkins' whipray,Pateobatis,jenkinsii,Pateobatis jenkinsii,ray,Myanmar,Mergui,Western Rocky,site,2023-12-15,3,2023-12-15,2023,12
ray,Batidae,spp,Batidae spp,ray,Myanmar,Mergui,Secret Pinnacle,site,2023-12-16,3,2023-12-16,2023,12
bull shark,Carcharhinus,leucas,Carcharhinus leucas,shark,Myanmar,Mergui,Black Rock,site,2023-12-12,1,2023-12-12,2023,12
nurse shark,Nebrius,ferrugineus,Nebrius ferrugineus,shark,Myanmar,Burma Banks,Burma Banks,NA,2023-12-14,12,2023-12-14,2023,12
silvertip shark,Carcharhinus,albimarginatus,Carcharhinus albimarginatus,shark,Myanmar,Mergui,Black Rock,site,2023-12-14,3,2023-12-14,2023,12
tiger shark,Galeocerdo,cuvier,Galeocerdo cuvier,shark,Myanmar,Mergui,Black Rock,site,2023-12-14,1,2023-12-14,2023,12
oceanic blacktip shark,Carcharhinus,limbatus,Carcharhinus limbatus,shark,Myanmar,Mergui,Black Rock,site,2023-12-15,3,2023-12-15,2023,12
silvertip shark,Carcharhinus,albimarginatus,Carcharhinus albimarginatus,shark,Myanmar,Mergui,Black Rock,site,2023-12-15,3,2023-12-15,2023,12
nurse shark,Nebrius,ferrugineus,Nebrius ferrugineus,shark,Myanmar,Mergui,Black Rock,site,2023-12-15,10,2023-12-15,2023,12
nurse shark,Nebrius,ferrugineus,Nebrius ferrugineus,shark,Myanmar,Burma Banks,Burma Banks,NA,2023-12-14,10,2023-12-14,2023,12
silvertip shark,Carcharhinus,albimarginatus,Carcharhinus albimarginatus,shark,Myanmar,Mergui,Black Rock,site,2012-12-15,5,2012-12-15,2012,12
grey reef shark,Carcharhinus,amblyrhynchos,Carcharhinus amblyrhynchos,shark,Myanmar,Mergui,Black Rock,site,2012-12-15,5,2012-12-15,2012,12
tiger shark,Galeocerdo,cuvier,Galeocerdo cuvier,shark,Myanmar,Mergui,Black Rock,site,2012-12-15,3,2012-12-15,2012,12
mobula ray,Mobula,spp,Mobula spp,ray,Thailand,Koh Lipe,8 Mile Rock,site,2021-12-12,1,2021-12-12,2021,12
whale shark,Rhinocodon,typus,Rhinocodon typus,shark,Thailand,Koh Lanta,Koh Haa,site,2021-12-12,1,2021-12-12,2021,12
blacktip reef shark,Carcharhinus,melanopterus,Carcharhinus melanopterus,shark,Thailand,Similan,Koh Tachai,site,2024-04-21,1,2024-04-21,2024,4
blacktip reef shark,Carcharhinus,melanopterus,Carcharhinus melanopterus,shark,Thailand,Similan,Koh Tachai,site,2024-04-21,1,2024-04-21,2024,4
blacktip reef shark,Carcharhinus,melanopterus,Carcharhinus melanopterus,shark,Thailand,Phuket,Koh Bida Nok,site,2024-03-26,3,2024-03-26,2024,3
oceanic manta,Mobula,birostris,Mobula birostris,ray,Myanmar,Mergui,Seafan Forest,site,2020-02-08,1,2020-02-08,2020,2
ocellated eagle ray,Aetobatus,ocellatus,Aetobatus ocellatus,ray,Myanmar,Burma Banks,Burma Banks,NA,2020-02-08,1,2020-02-08,2020,2
silvertip shark,Carcharhinus,albimarginatus,Carcharhinus albimarginatus,shark,Myanmar,Burma Banks,Burma Banks,NA,2020-02-08,1,2020-02-08,2020,2
nurse shark,Nebrius,ferrugineus,Nebrius ferrugineus,shark,Myanmar,Burma Banks,Burma Banks,NA,2020-02-08,5,2020-02-08,2020,2
silvertip shark,Carcharhinus,albimarginatus,Carcharhinus albimarginatus,shark,Myanmar,Burma Banks,Burma Banks,NA,2020-02-08,3,2020-02-08,2020,2
white-spotted wedgefish,Rhynchobatus,australiae,Rhynchobatus australiae,shark,Thailand,Surin,Surin Islands,NA,2018-04-12,1,2018-04-12,2018,4
blotched fantail ray,Taeniurops,meyeni,Taeniurops meyeni,ray,Myanmar,Mergui,Mergui Archipelago,NA,2015-10-30,5,2015-10-30,2015,10
nurse shark,Nebrius,ferrugineus,Nebrius ferrugineus,shark,Myanmar,Mergui,Mergui Archipelago,NA,2015-10-30,3,2015-10-30,2015,10
zebra shark,Stegostoma,tigrinum,Stegostoma tigrinum,shark,Myanmar,Mergui,Mergui Archipelago,NA,2015-10-30,1,2015-10-30,2015,10
ocellated eagle ray,Aetobatus,ocellatus,Aetobatus ocellatus,ray,Myanmar,Mergui,Mergui Archipelago,NA,2015-04-01,1,2015-04-01,2015,4
blotched fantail ray,Taeniurops,meyeni,Taeniurops meyeni,ray,Myanmar,Mergui,Mergui Archipelago,NA,2015-01-04,3,2015-01-04,2015,1
nurse shark,Nebrius,ferrugineus,Nebrius ferrugineus,shark,Myanmar,Mergui,Mergui Archipelago,NA,2015-01-04,2,2015-01-04,2015,1
brown banded bamboo shark,Chiloscyllium,punctatum,Chiloscyllium punctatum,shark,Myanmar,Mergui,Mergui Archipelago,NA,2015-01-04,7,2015-01-04,2015,1
whale shark,Rhinocodon,typus,Rhinocodon typus,shark,Myanmar,Mergui,Mergui Archipelago,NA,2015-01-04,7,2015-01-04,2015,1
ocellated eagle ray,Aetobatus,ocellatus,Aetobatus ocellatus,ray,Thailand,Similan,Similan Islands,NA,2021-03-25,1,2021-03-25,2021,3
jenkins' whipray,Pateobatis,jenkinsii,Pateobatis jenkinsii,ray,Thailand,Similan,Similan Islands,NA,2021-03-25,5,2021-03-25,2021,3
blacktip reef shark,Carcharhinus,melanopterus,Carcharhinus melanopterus,shark,Thailand,Similan,Similan Islands,NA,2021-03-25,5,2021-03-25,2021,3
whale shark,Rhinocodon,typus,Rhinocodon typus,shark,Thailand,Similan,Similan Islands,NA,2021-03-25,1,2021-03-25,2021,3
nurse shark,Nebrius,ferrugineus,Nebrius ferrugineus,shark,Myanmar,Mergui,Mergui Archipelago,NA,2019-01-05,6,2019-01-05,2019,1
whale shark,Rhinocodon,typus,Rhinocodon typus,shark,Myanmar,Mergui,Mergui Archipelago,NA,2019-01-05,1,2019-01-05,2019,1
ocellated eagle ray,Aetobatus,ocellatus,Aetobatus ocellatus,ray,Thailand,Similan,Koh Tachai,site,2020-12-21,1,2020-12-21,2020,12
tiger shark,Galeocerdo,cuvier,Galeocerdo cuvier,shark,Thailand,Surin,Surin Islands,NA,2020-12-20,1,2020-12-20,2020,12
whitetip reef shark,Triaenodon,obesus,Triaenodon obesus,shark,Thailand,Similan,Shark Fin Reef,site,2020-12-22,2,2020-12-22,2020,12
guitarfish,Rhinobatidae,spp,Rhinobatidae spp,ray,Thailand,Surin,Richelieu Rock,site,2020-12-25,1,2020-12-25,2020,12
porcupine ray,Urogymnus,asperrimus,Urogymnus asperrimus,ray,Myanmar,Mergui,Mergui Archipelago,NA,2016-03/25,3,2016-03-25,2016,3
oceanic manta,Mobula,birostris,Mobula birostris,ray,Thailand,Similan,North Ridge,site,2018-12-18,1,2018-12-18,2018,12
ocellated eagle ray,Aetobatus,ocellatus,Aetobatus ocellatus,ray,Thailand,Surin,Surin Islands,NA,2018-12-18,1,2018-12-18,2018,12
ocellated eagle ray,Aetobatus,ocellatus,Aetobatus ocellatus,ray,Thailand,Similan,Koh Bon,site,2018-12-17,1,2018-12-17,2018,12
blotched fantail ray,Taeniurops,meyeni,Taeniurops meyeni,ray,Thailand,Similan,North Ridge,site,2018-12-16,1,2018-12-16,2018,12
blacktip reef shark,Carcharhinus,melanopterus,Carcharhinus melanopterus,shark,Thailand,Surin,Surin Islands,NA,2018-12-18,3,2018-12-18,2018,12
whitetip reef shark,Triaenodon,obesus,Triaenodon obesus,shark,Thailand,Surin,Surin Islands,NA,2018-12-17,5,2018-12-17,2018,12
oceanic manta,Mobula,birostris,Mobula birostris,ray,Myanmar,Mergui,Black Rock,site,2018-03-03,5,2018-03-03,2018,3
oceanic manta,Mobula,birostris,Mobula birostris,ray,Myanmar,Mergui,Black Rock,site,2018-02-03,2,2018-02-03,2018,2
nurse shark,Nebrius,ferrugineus,Nebrius ferrugineus,shark,Myanmar,Mergui,Shark Cave,site,2018-02-01,4,2018-02-01,2018,2
blotched fantail ray,Taeniurops,meyeni,Taeniurops meyeni,ray,Myanmar,Mergui,Mergui Archipelago,NA,2018-02-02,1,2018-02-02,2018,2
whitetip reef shark,Triaenodon,obesus,Triaenodon obesus,shark,Myanmar,Mergui,Mergui Archipelago,NA,2020-02-08,5,2020-02-08,2020,2
nurse shark,Nebrius,ferrugineus,Nebrius ferrugineus,shark,Myanmar,Mergui,Mergui Archipelago,NA,2020-02-10,10,2020-02-10,2020,2
silvertip shark,Carcharhinus,albimarginatus,Carcharhinus albimarginatus,shark,Myanmar,Mergui,Mergui Archipelago,NA,2020-02-11,5,2020-02-11,2020,2
oceanic manta,Mobula,birostris,Mobula birostris,ray,Myanmar,Mergui,Black Rock,site,2018-04-05,1,2018-04-05,2018,4
ocellated eagle ray,Aetobatus,ocellatus,Aetobatus ocellatus,ray,Myanmar,Mergui,Black Rock,site,2018-04-05,4,2018-04-05,2018,4
oceanic manta,Mobula,birostris,Mobula birostris,ray,Myanmar,Mergui,Black Rock,site,2016-01-25,3,2016-01-25,2016,1
blotched fantail ray,Taeniurops,meyeni,Taeniurops meyeni,ray,Myanmar,Mergui,Shark Cave,site,2016-01-27,3,2016-01-27,2016,1
oceanic manta,Mobula,birostris,Mobula birostris,ray,Myanmar,Mergui,Black Rock,site,2018-11-25,2,2018-11-25,2018,11
nurse shark,Nebrius,ferrugineus,Nebrius ferrugineus,shark,Myanmar,Burma Banks,Burma Banks,NA,2018-01-10,3,2018-01-10,2018,1
blotched fantail ray,Taeniurops,meyeni,Taeniurops meyeni,ray,Myanmar,Mergui,Mergui Archipelago,NA,2016-11-20,3,2016-11-20,2016,11
nurse shark,Nebrius,ferrugineus,Nebrius ferrugineus,shark,Myanmar,Mergui,Mergui Archipelago,NA,2016-11-20,5,2016-11-20,2016,11
jenkins' whipray,Pateobatis,jenkinsii,Pateobatis jenkinsii,ray,Myanmar,Mergui,Mergui Archipelago,NA,2016-11-18,4,2016-11-18,2016,11
oceanic manta,Mobula,birostris,Mobula birostris,ray,Myanmar,Mergui,Mergui Archipelago,NA,2019-04-22,1,2019-04-22,2019,4
whale shark,Rhinocodon,typus,Rhinocodon typus,shark,Myanmar,Mergui,Mergui Archipelago,NA,2019-04-22,1,2019-04-22,2019,4
whale shark,Rhinocodon,typus,Rhinocodon typus,shark,Thailand,Surin,Surin Islands,NA,2015-01-28,1,2015-01-28,2015,1
ocellated eagle ray,Aetobatus,ocellatus,Aetobatus ocellatus,ray,Myanmar,Mergui,Mergui Archipelago,NA,2015-01-28,1,2015-01-28,2015,1
blotched fantail ray,Taeniurops,meyeni,Taeniurops meyeni,ray,Myanmar,Mergui,Mergui Archipelago,NA,2015-01-28,5,2015-01-28,2015,1
nurse shark,Nebrius,ferrugineus,Nebrius ferrugineus,shark,Myanmar,Mergui,Mergui Archipelago,NA,2015-01-28,3,2015-01-28,2015,1
blotched fantail ray,Taeniurops,meyeni,Taeniurops meyeni,ray,Myanmar,Mergui,Mergui Archipelago,NA,2015-12-04,12,2015-12-04,2015,12
jenkins' whipray,Pateobatis,jenkinsii,Pateobatis jenkinsii,ray,Thailand,Similan,Elephant Head Rock,site,2024-01-25,3,2024-01-25,2024,1
blotched fantail ray,Taeniurops,meyeni,Taeniurops meyeni,ray,Thailand,Similan,Koh Bon,site,2024-01-26,3,2024-01-26,2024,1
blotched fantail ray,Taeniurops,meyeni,Taeniurops meyeni,ray,Thailand,Similan,Koh Bon,site,2024-01-26,1,2024-01-26,2024,1
whitetip reef shark,Triaenodon,obesus,Triaenodon obesus,shark,Thailand,Similan,Elephant Head Rock,site,2024-01-25,5,2024-01-25,2024,1
nurse shark,Nebrius,ferrugineus,Nebrius ferrugineus,shark,Thailand,Similan,Elephant Head Rock,site,2024-01-25,3,2024-01-25,2024,1
guitarfish,Rhinobatidae,spp,Rhinobatidae spp,ray,Thailand,Similan,Elephant Head Rock,site,2024-01-25,1,2024-01-25,2024,1
blacktip reef shark,Carcharhinus,melanopterus,Carcharhinus melanopterus,shark,Thailand,Surin,Richelieu Rock,site,2024-01-27,1,2024-01-27,2024,1
tiger shark,Galeocerdo,cuvier,Galeocerdo cuvier,shark,Thailand,Similan,Elephant Head Rock,site,2020-11-18,1,2020-11-18,2020,11
tiger shark,Galeocerdo,cuvier,Galeocerdo cuvier,shark,Myanmar,Burma Banks,Burma Banks,NA,2019-03-01,1,2019-03-01,2019,3
tiger shark,Galeocerdo,cuvier,Galeocerdo cuvier,shark,Myanmar,Burma Banks,Burma Banks,NA,2019-11-01,1,2019-11-01,2019,11
tiger shark,Galeocerdo,cuvier,Galeocerdo cuvier,shark,Thailand,Surin,Surin Islands,NA,2019-12-01,1,2019-12-01,2019,12
blotched fantail ray,Taeniurops,meyeni,Taeniurops meyeni,ray,Myanmar,Mergui,Seafan Forest,site,2013-05-29,3,2013-05-29,2013,5
bluespotted maskray,Neotrygon,kuhlii,Neotrygon kuhlii,ray,Myanmar,Mergui,Square Rock,site,2013-05-29,5,2013-05-29,2013,5
grey reef shark,Carcharhinus,amblyrhynchos,Carcharhinus amblyrhynchos,shark,Myanmar,Mergui,Square Rock,site,2013-05-29,3,2013-05-29,2013,5
nurse shark,Nebrius,ferrugineus,Nebrius ferrugineus,shark,Myanmar,Mergui,Shark Cave,site,2012-11-24,3,2012-11-24,2012,11
nurse shark,Nebrius,ferrugineus,Nebrius ferrugineus,shark,Myanmar,Mergui,Shark Cave,site,2012-11-24,1,2012-11-24,2012,11
nurse shark,Nebrius,ferrugineus,Nebrius ferrugineus,shark,Myanmar,Mergui,Mergui Archipelago,NA,2019-01-20,1,2019-01-20,2019,1
blacktip reef shark,Carcharhinus,melanopterus,Carcharhinus melanopterus,shark,Thailand,Phuket,Koh Bida Nok,site,2023-01-23,1,2023-01-23,2023,1
shark,Selachii,spp,Selachii spp,shark,Thailand,Similan,Similan Islands,NA,2021-12-25,2,2021-12-25,2021,12
bluespotted maskray,Neotrygon,kuhlii,Neotrygon kuhlii,ray,Thailand,Surin,Surin Islands,NA,2022-12-12,3,2022-12-12,2022,12
shark,Carcharhinidae,spp,Carcharhinidae spp,shark,Thailand,Surin,Surin Islands,NA,2022-12-12,1,2022-12-12,2022,12
jenkins' whipray,Pateobatis,jenkinsii,Pateobatis jenkinsii,ray,Thailand,Surin,Surin Islands,NA,2021-11-02,3,2021-11-02,2021,11
guitarfish,Rhinobatidae,spp,Rhinobatidae spp,ray,Thailand,Surin,Surin Islands,NA,2021-11-02,1,2021-11-02,2021,11
mobula ray,Mobula,spp,Mobula spp,ray,Myanmar,Burma Banks,Burma Banks,NA,2020-01-31,1,2020-01-31,2020,1
blotched fantail ray,Taeniurops,meyeni,Taeniurops meyeni,ray,Myanmar,Burma Banks,Burma Banks,NA,2020-01-31,3,2020-01-31,2020,1
mangrove whipray,Urogymnus,granulatus,Urogymnus granulatus,ray,Myanmar,Burma Banks,Burma Banks,NA,2020-01-31,1,2020-01-31,2020,1
bluespotted maskray,Neotrygon,kuhlii,Neotrygon kuhlii,ray,Myanmar,Burma Banks,Burma Banks,NA,2020-01-31,10,2020-01-31,2020,1
ray,Batidae,spp,Batidae spp,ray,Myanmar,Burma Banks,Burma Banks,NA,2020-01-31,10,2020-01-31,2020,1
nurse shark,Nebrius,ferrugineus,Nebrius ferrugineus,shark,Myanmar,Burma Banks,Burma Banks,NA,2020-01-31,12,2020-01-31,2020,1
silvertip shark,Carcharhinus,albimarginatus,Carcharhinus albimarginatus,shark,Myanmar,Burma Banks,Burma Banks,NA,2020-01-31,5,2020-01-31,2020,1
grey reef shark,Carcharhinus,amblyrhynchos,Carcharhinus amblyrhynchos,shark,Myanmar,Burma Banks,Burma Banks,NA,2020-01-31,6,2020-01-31,2020,1
blacktip reef shark,Carcharhinus,melanopterus,Carcharhinus melanopterus,shark,Thailand,Similan,Koh Tachai,site,2024-02-11,3,2024-02-11,2024,2
coral catshark,Atelomycterus,marmoratus,Atelomycterus marmoratus,shark,Thailand,Koh Lipe,Koh Lipe,site,2024-02-15,1,2024-02-15,2024,2
blacktip reef shark,Carcharhinus,melanopterus,Carcharhinus melanopterus,shark,Thailand,Phuket,Koh Bida Nok,site,2024-02-15,5,2024-02-15,2024,2
blotched fantail ray,Taeniurops,meyeni,Taeniurops meyeni,ray,Thailand,Similan,Shark Fin Reef,site,2024-12-05,1,2024-12-05,2024,12
whitetip reef shark,Triaenodon,obesus,Triaenodon obesus,shark,Thailand,Similan,Shark Fin Reef,site,2024-12-05,1,2024-12-05,2024,12
ocellated eagle ray,Aetobatus,ocellatus,Aetobatus ocellatus,ray,Myanmar,Mergui,Mergui Archipelago,NA,2015-11-13,3,2015-11-13,2015,11
ocellated eagle ray,Aetobatus,ocellatus,Aetobatus ocellatus,ray,Myanmar,Mergui,Mergui Archipelago,NA,2015-11-13,2,2015-11-13,2015,11
ocellated eagle ray,Aetobatus,ocellatus,Aetobatus ocellatus,ray,Myanmar,Mergui,Mergui Archipelago,NA,2015-11-13,2,2015-11-13,2015,11
blotched fantail ray,Taeniurops,meyeni,Taeniurops meyeni,ray,Myanmar,Mergui,Shark Cave,site,2012-11-18,2,2012-11-18,2012,11
blotched fantail ray,Taeniurops,meyeni,Taeniurops meyeni,ray,Myanmar,Mergui,Shark Cave,site,2012-11-18,2,2012-11-18,2012,11
blacktip reef shark,Carcharhinus,melanopterus,Carcharhinus melanopterus,shark,Myanmar,Mergui,Shark Cave,site,2012-11-18,3,2012-11-18,2012,11
whitetip reef shark,Triaenodon,obesus,Triaenodon obesus,shark,Myanmar,Mergui,Shark Cave,site,2012-11-18,2,2012-11-18,2012,11
nurse shark,Nebrius,ferrugineus,Nebrius ferrugineus,shark,Myanmar,Mergui,Shark Cave,site,2012-11-18,1,2012-11-18,2012,11
oceanic manta,Mobula,birostris,Mobula birostris,ray,Myanmar,Mergui,Mergui Archipelago,NA,2012-03-14,1,2012-03-14,2012,3
porcupine ray,Urogymnus,asperrimus,Urogymnus asperrimus,ray,Myanmar,Burma Banks,Burma Banks,NA,2024-11-15,3,2024-11-15,2024,11
nurse shark,Nebrius,ferrugineus,Nebrius ferrugineus,shark,Myanmar,Burma Banks,Burma Banks,NA,2024-11-15,12,2024-11-15,2024,11
bowmouth guitarfish,Rhina,anclyostoma,Rhina anclyostoma,ray,Myanmar,Burma Banks,Burma Banks,NA,2024-11-16,1,2024-11-16,2024,11
oceanic manta,Mobula,birostris,Mobula birostris,ray,Myanmar,Mergui,Black Rock,site,2024-03-09,1,2024-03-09,2024,3
ocellated eagle ray,Aetobatus,ocellatus,Aetobatus ocellatus,ray,Myanmar,Mergui,Dragon Island,site,2024-03-06,1,2024-03-06,2024,3
nurse shark,Nebrius,ferrugineus,Nebrius ferrugineus,shark,Myanmar,Burma Banks,Burma Banks,NA,2024-03-10,5,2024-03-10,2024,3
nurse shark,Nebrius,ferrugineus,Nebrius ferrugineus,shark,Myanmar,Mergui,Tower Rock,site,2024-03-06,1,2024-03-06,2024,3
whale shark,Rhinocodon,typus,Rhinocodon typus,shark,Thailand,Similan,Similan Islands,NA,2015-10-22,2,2015-10-22,2015,10
blotched fantail ray,Taeniurops,meyeni,Taeniurops meyeni,ray,Myanmar,Mergui,Shark Cave,site,2017-01-20,3,2017-01-20,2017,1
brown banded bamboo shark,Chiloscyllium,punctatum,Chiloscyllium punctatum,shark,Myanmar,Mergui,Shark Cave,site,2017-01-20,3,2017-01-20,2017,1
ocellated eagle ray,Aetobatus,ocellatus,Aetobatus ocellatus,ray,Myanmar,Mergui,Seafan Forest,site,2017-04-16,1,2017-04-16,2017,4
nurse shark,Nebrius,ferrugineus,Nebrius ferrugineus,shark,Myanmar,Mergui,Tower Rock,site,2017-04-16,3,2017-04-16,2017,4
ocellated eagle ray,Aetobatus,ocellatus,Aetobatus ocellatus,ray,Myanmar,Mergui,North Twin,site,2017-04-25,2,2017-04-25,2017,4
ocellated eagle ray,Aetobatus,ocellatus,Aetobatus ocellatus,ray,Myanmar,Mergui,Shark Cave,site,2017-04-25,2,2017-04-25,2017,4
grey reef shark,Carcharhinus,amblyrhynchos,Carcharhinus amblyrhynchos,shark,Myanmar,Mergui,Black Rock,site,2017-04-23,1,2017-04-23,2017,4
blotched fantail ray,Taeniurops,meyeni,Taeniurops meyeni,ray,Myanmar,Mergui,Mergui Archipelago,NA,2017-02-25,3,2017-02-25,2017,2
whitetip reef shark,Triaenodon,obesus,Triaenodon obesus,shark,Myanmar,Mergui,Mergui Archipelago,NA,2017-02-25,5,2017-02-25,2017,2
oceanic manta,Mobula,birostris,Mobula birostris,ray,Myanmar,Mergui,Mergui Archipelago,NA,2018-04-28,1,2018-04-28,2018,4
bluespotted maskray,Neotrygon,kuhlii,Neotrygon kuhlii,ray,Myanmar,Mergui,Mergui Archipelago,NA,2018-04-28,5,2018-04-28,2018,4
blotched fantail ray,Taeniurops,meyeni,Taeniurops meyeni,ray,Myanmar,Mergui,Mergui Archipelago,NA,2018-04-28,5,2018-04-28,2018,4
ocellated eagle ray,Aetobatus,ocellatus,Aetobatus ocellatus,ray,Myanmar,Mergui,Mergui Archipelago,NA,2018-04-28,4,2018-04-28,2018,4
whale shark,Rhinocodon,typus,Rhinocodon typus,shark,Myanmar,Mergui,Mergui Archipelago,NA,2018-04-28,1,2018-04-28,2018,4
shark,Carcharhinidae,spp,Carcharhinidae spp,shark,Myanmar,Mergui,Mergui Archipelago,NA,2014-11-24,5,2014-11-24,2014,11
whale shark,Rhinocodon,typus,Rhinocodon typus,shark,Myanmar,Mergui,Mergui Archipelago,NA,2014-11-24,1,2014-11-24,2014,11
blacktip reef shark,Carcharhinus,melanopterus,Carcharhinus melanopterus,shark,Myanmar,Mergui,Black Rock,site,2017-04-04,12,2017-04-04,2017,4
blacktip reef shark,Carcharhinus,melanopterus,Carcharhinus melanopterus,shark,Myanmar,Burma Banks,Burma Banks,NA,2017-04-04,1,2017-04-04,2017,4
oceanic manta,Mobula,birostris,Mobula birostris,ray,Myanmar,Mergui,Mergui Archipelago,NA,2018-03-31,5,2018-03-31,2018,3
blacktip reef shark,Carcharhinus,melanopterus,Carcharhinus melanopterus,shark,Myanmar,Burma Banks,Burma Banks,NA,2018-03-31,5,2018-03-31,2018,3
grey reef shark,Carcharhinus,amblyrhynchos,Carcharhinus amblyrhynchos,shark,Myanmar,Burma Banks,Burma Banks,NA,2018-03-31,3,2018-03-31,2018,3
nurse shark,Nebrius,ferrugineus,Nebrius ferrugineus,shark,Myanmar,Burma Banks,Burma Banks,NA,2018-03-31,12,2018-03-31,2018,3
oceanic manta,Mobula,birostris,Mobula birostris,ray,Thailand,Similan,Similan Islands,NA,2014-11-26,3,2014-11-26,2014,11
ocellated eagle ray,Aetobatus,ocellatus,Aetobatus ocellatus,ray,Myanmar,Mergui,Mergui Archipelago,NA,2019-02-12,1,2019-02-12,2019,2
blotched fantail ray,Taeniurops,meyeni,Taeniurops meyeni,ray,Myanmar,Mergui,Mergui Archipelago,NA,2019-02-12,1,2019-02-12,2019,2
whale shark,Rhinocodon,typus,Rhinocodon typus,shark,Myanmar,Mergui,Mergui Archipelago,NA,2019-02-12,1,2019-02-12,2019,2
bluespotted maskray,Neotrygon,kuhlii,Neotrygon kuhlii,ray,Myanmar,Mergui,Mergui Archipelago,NA,2012-11-11,1,2012-11-11,2012,11
nurse shark,Nebrius,ferrugineus,Nebrius ferrugineus,shark,Myanmar,Mergui,Cathedral,site,2012-11-11,1,2012-11-11,2012,11
oceanic manta,Mobula,birostris,Mobula birostris,ray,Myanmar,Mergui,Black Rock,site,2017-12-15,1,2017-12-15,2017,12
oceanic manta,Mobula,birostris,Mobula birostris,ray,Thailand,Koh Lanta,Hin Daeng,site,2021-12-10,1,2021-12-10,2021,12
oceanic manta,Mobula,birostris,Mobula birostris,ray,Thailand,Similan,Koh Tachai,site,2015-01-16,1,2015-01-16,2015,1
oceanic manta,Mobula,birostris,Mobula birostris,ray,Thailand,Surin,Surin Islands,NA,2016-01-17,1,2016-01-17,2016,1
zebra shark,Stegostoma,tigrinum,Stegostoma tigrinum,shark,Thailand,Surin,Surin Islands,NA,2016-01-17,1,2016-01-17,2016,1
blotched fantail ray,Taeniurops,meyeni,Taeniurops meyeni,ray,Thailand,Surin,Surin Islands,NA,2016-11-06,5,2016-11-06,2016,11
whitetip reef shark,Triaenodon,obesus,Triaenodon obesus,shark,Thailand,Surin,Surin Islands,NA,2016-11-06,2,2016-11-06,2016,11
blacktip reef shark,Carcharhinus,melanopterus,Carcharhinus melanopterus,shark,Thailand,Surin,Surin Islands,NA,2016-11-06,3,2016-11-06,2016,11
zebra shark,Stegostoma,tigrinum,Stegostoma tigrinum,shark,Thailand,Surin,Surin Islands,NA,2016-11-06,1,2016-11-06,2016,11
nurse shark,Nebrius,ferrugineus,Nebrius ferrugineus,shark,Myanmar,Mergui,Mergui Archipelago,NA,2018-12-14,1,2018-12-14,2018,12
brown banded bamboo shark,Chiloscyllium,punctatum,Chiloscyllium punctatum,shark,Myanmar,Mergui,Mergui Archipelago,NA,2018-12-14,3,2018-12-14,2018,12
whale shark,Rhinocodon,typus,Rhinocodon typus,shark,Myanmar,Mergui,Mergui Archipelago,NA,2018-12-14,1,2018-12-14,2018,12
whitetip reef shark,Triaenodon,obesus,Triaenodon obesus,shark,Myanmar,Mergui,Mergui Archipelago,NA,2018-12-14,1,2018-12-14,2018,12
nurse shark,Nebrius,ferrugineus,Nebrius ferrugineus,shark,Myanmar,Mergui,Mergui Archipelago,NA,2013-09-01,1,2013-09-01,2013,9
ocellated eagle ray,Aetobatus,ocellatus,Aetobatus ocellatus,ray,Myanmar,Mergui,Mergui Archipelago,NA,2019-12-21,3,2019-12-21,2019,12
jenkins' whipray,Pateobatis,jenkinsii,Pateobatis jenkinsii,ray,Myanmar,Mergui,Mergui Archipelago,NA,2019-12-21,8,2019-12-21,2019,12
blotched fantail ray,Taeniurops,meyeni,Taeniurops meyeni,ray,Myanmar,Mergui,Mergui Archipelago,NA,2019-12-21,5,2019-12-21,2019,12
grey reef shark,Carcharhinus,amblyrhynchos,Carcharhinus amblyrhynchos,shark,Myanmar,Mergui,Mergui Archipelago,NA,2019-12-21,3,2019-12-21,2019,12
guitarfish,Rhinobatidae,spp,Rhinobatidae spp,ray,Myanmar,Mergui,Mergui Archipelago,NA,2019-12-21,1,2019-12-21,2019,12
ocellated eagle ray,Aetobatus,ocellatus,Aetobatus ocellatus,ray,Thailand,Surin,Richelieu Rock,site,2021-01-08,1,2021-01-08,2021,1
whitetip reef shark,Triaenodon,obesus,Triaenodon obesus,shark,Thailand,Similan,Shark Fin Reef,site,2021-01-08,3,2021-01-08,2021,1
tiger shark,Galeocerdo,cuvier,Galeocerdo cuvier,shark,Thailand,Similan,Shark Fin Reef,site,2021-01-08,1,2021-01-08,2021,1
whitetip reef shark,Triaenodon,obesus,Triaenodon obesus,shark,Thailand,Similan,Elephant Head Rock,site,2021-01-08,5,2021-01-08,2021,1
jenkins' whipray,Pateobatis,jenkinsii,Pateobatis jenkinsii,ray,Thailand,Similan,Similan Islands,NA,2019-02-15,1,2019-02-15,2019,2
blotched fantail ray,Taeniurops,meyeni,Taeniurops meyeni,ray,Thailand,Similan,Similan Islands,NA,2019-02-15,1,2019-02-15,2019,2
bluespotted maskray,Neotrygon,kuhlii,Neotrygon kuhlii,ray,Thailand,Similan,Similan Islands,NA,2019-02-15,3,2019-02-15,2019,2
jenkins' whipray,Pateobatis,jenkinsii,Pateobatis jenkinsii,ray,Myanmar,Mergui,Mergui Archipelago,NA,2016-12-16,3,2016-12-16,2016,12
ocellated eagle ray,Aetobatus,ocellatus,Aetobatus ocellatus,ray,Myanmar,Mergui,Mergui Archipelago,NA,2016-12-16,2,2016-12-16,2016,12
nurse shark,Nebrius,ferrugineus,Nebrius ferrugineus,shark,Myanmar,Mergui,Mergui Archipelago,NA,2016-12-16,1,2016-12-16,2016,12
ocellated eagle ray,Aetobatus,ocellatus,Aetobatus ocellatus,ray,Myanmar,Mergui,Mergui Archipelago,NA,2016-01-05,3,2016-01-05,2016,1
blotched fantail ray,Taeniurops,meyeni,Taeniurops meyeni,ray,Myanmar,Mergui,Mergui Archipelago,NA,2016-01-05,3,2016-01-05,2016,1
nurse shark,Nebrius,ferrugineus,Nebrius ferrugineus,shark,Myanmar,Mergui,Shark Cave,site,2016-01-05,2,2016-01-05,2016,1
mobula ray,Mobula,spp,Mobula spp,ray,Thailand,Koh Lipe,8 Mile Rock,site,2022-01-11,1,2022-01-11,2022,1
guitarfish,Rhinobatidae,spp,Rhinobatidae spp,ray,Thailand,Surin,Surin Islands,NA,2022-01-11,1,2022-01-11,2022,1
zebra shark,Stegostoma,tigrinum,Stegostoma tigrinum,shark,Thailand,Similan,Boulder City,site,2022-01-11,1,2022-01-11,2022,1
blacktip reef shark,Carcharhinus,melanopterus,Carcharhinus melanopterus,shark,Thailand,Phuket,Koh Bida Nok,site,2022-01-11,6,2022-01-11,2022,1
zebra shark,Stegostoma,tigrinum,Stegostoma tigrinum,shark,Thailand,Phuket,Shark Point,site,2022-01-11,1,2022-01-11,2022,1
ocellated eagle ray,Aetobatus,ocellatus,Aetobatus ocellatus,ray,Myanmar,Mergui,Mergui Archipelago,NA,2017-01-07,1,2017-01-07,2017,1
blotched fantail ray,Taeniurops,meyeni,Taeniurops meyeni,ray,Myanmar,Mergui,Mergui Archipelago,NA,2017-01-07,4,2017-01-07,2017,1
nurse shark,Nebrius,ferrugineus,Nebrius ferrugineus,shark,Myanmar,Mergui,Mergui Archipelago,NA,2017-01-07,5,2017-01-07,2017,1
whale shark,Rhinocodon,typus,Rhinocodon typus,shark,Myanmar,Mergui,North Twin,site,2017-03-21,1,2017-03-21,2017,3
oceanic manta,Mobula,birostris,Mobula birostris,ray,Myanmar,Mergui,North Twin,site,2015-11-20,1,2015-11-20,2015,11
whale shark,Rhinocodon,typus,Rhinocodon typus,shark,Thailand,Similan,Similan Islands,NA,2014-11-13,1,2014-11-13,2014,11
oceanic manta,Mobula,birostris,Mobula birostris,ray,Thailand,Surin,Koh Surin,NA,2014-11-13,1,2014-11-13,2014,11
oceanic manta,Mobula,birostris,Mobula birostris,ray,Thailand,Surin,Koh Surin,NA,2014-11-13,1,2014-11-13,2014,11
whale shark,Rhinocodon,typus,Rhinocodon typus,shark,Thailand,Surin,Koh Chi,site,2014-11-29,1,2014-11-29,2014,11
ocellated eagle ray,Aetobatus,ocellatus,Aetobatus ocellatus,ray,Myanmar,Mergui,Mergui Archipelago,NA,2017-01-29,3,2017-01-29,2017,1
oceanic manta,Mobula,birostris,Mobula birostris,ray,Myanmar,Mergui,Mergui Archipelago,NA,2017-01-29,1,2017-01-29,2017,1
nurse shark,Nebrius,ferrugineus,Nebrius ferrugineus,shark,Myanmar,Mergui,Mergui Archipelago,NA,2017-01-29,5,2017-01-29,2017,1
blotched fantail ray,Taeniurops,meyeni,Taeniurops meyeni,ray,Myanmar,Mergui,Mergui Archipelago,NA,2017-01-29,2,2017-01-29,2017,1
zebra shark,Stegostoma,tigrinum,Stegostoma tigrinum,shark,Thailand,Similan,Koh Bon,site,2014-12-26,1,2014-12-26,2014,12
oceanic manta,Mobula,birostris,Mobula birostris,ray,Thailand,Similan,Similan Islands,NA,2014-12-26,3,2014-12-26,2014,12
oceanic manta,Mobula,birostris,Mobula birostris,ray,Myanmar,Mergui,Mergui Archipelago,NA,2018-04-30,1,2018-04-30,2018,4
whale shark,Rhinocodon,typus,Rhinocodon typus,shark,Myanmar,Mergui,Mergui Archipelago,NA,2018-04-30,1,2018-04-30,2018,4
reef manta,Mobula,alfredii,Mobula alfredii,ray,Myanmar,Mergui,Black Rock,site,2018-04-12,3,2018-04-12,2018,4
whale shark,Rhinocodon,typus,Rhinocodon typus,shark,Myanmar,Mergui,Mergui Archipelago,NA,2018-04-12,1,2018-04-12,2018,4
whale shark,Rhinocodon,typus,Rhinocodon typus,shark,Thailand,Similan,Similan Islands,NA,2018-04-12,1,2018-04-12,2018,4
ocellated eagle ray,Aetobatus,ocellatus,Aetobatus ocellatus,ray,Myanmar,Mergui,Shark Cave,site,2015-12-19,1,2015-12-19,2015,12
blotched fantail ray,Taeniurops,meyeni,Taeniurops meyeni,ray,Myanmar,Mergui,Mergui Archipelago,NA,2015-12-19,1,2015-12-19,2015,12
zebra shark,Stegostoma,tigrinum,Stegostoma tigrinum,shark,Myanmar,Mergui,Mergui Archipelago,NA,2015-12-19,2,2015-12-19,2015,12
oceanic manta,Mobula,birostris,Mobula birostris,ray,Myanmar,Mergui,Black Rock,site,2025-03-08,3,2025-03-08,2025,3
oceanic manta,Mobula,birostris,Mobula birostris,ray,Thailand,Similan,Eagle Rock,site,2025-03-10,1,2025-03-10,2025,3
blotched fantail ray,Taeniurops,meyeni,Taeniurops meyeni,ray,Myanmar,Mergui,Square Rock,site,2025-03-09,1,2025-03-09,2025,3
jenkins' whipray,Pateobatis,jenkinsii,Pateobatis jenkinsii,ray,Myanmar,Mergui,Black Rock,site,2025-03-12,3,2025-03-12,2025,3
brown banded bamboo shark,Chiloscyllium,punctatum,Chiloscyllium punctatum,shark,Myanmar,Mergui,Submarine,site,2025-03-09,1,2025-03-09,2025,3
blotched fantail ray,Taeniurops,meyeni,Taeniurops meyeni,ray,Myanmar,Mergui,Mergui Archipelago,NA,2014-12-09,4,2014-12-09,2014,12
nurse shark,Nebrius,ferrugineus,Nebrius ferrugineus,shark,Myanmar,Mergui,Mergui Archipelago,NA,2014-12-09,5,2014-12-09,2014,12
oceanic manta,Mobula,birostris,Mobula birostris,ray,Myanmar,Mergui,South Twin,site,2019-12-12,4,2019-12-12,2019,12
jenkins' whipray,Pateobatis,jenkinsii,Pateobatis jenkinsii,ray,Myanmar,Mergui,Mergui Archipelago,NA,2019-12-12,6,2019-12-12,2019,12
whale shark,Rhinocodon,typus,Rhinocodon typus,shark,Myanmar,Mergui,Mergui Archipelago,NA,2019-12-12,1,2019-12-12,2019,12
oceanic manta,Mobula,birostris,Mobula birostris,ray,Myanmar,Mergui,Black Rock,site,2013-12-30,20,2013-12-30,2013,12
oceanic manta,Mobula,birostris,Mobula birostris,ray,Myanmar,Mergui,Black Rock,site,2017-03-05,5,2017-03-05,2017,3
blotched fantail ray,Taeniurops,meyeni,Taeniurops meyeni,ray,Myanmar,Mergui,Mergui Archipelago,NA,2017-03-05,3,2017-03-05,2017,3
nurse shark,Nebrius,ferrugineus,Nebrius ferrugineus,shark,Myanmar,Mergui,Mergui Archipelago,NA,2017-03-05,5,2017-03-05,2017,3
whitetip reef shark,Triaenodon,obesus,Triaenodon obesus,shark,Myanmar,Mergui,Mergui Archipelago,NA,2017-03-05,7,2017-03-05,2017,3
oceanic manta,Mobula,birostris,Mobula birostris,ray,Myanmar,Mergui,Black Rock,site,2018-01-04,5,2018-01-04,2018,1
nurse shark,Nebrius,ferrugineus,Nebrius ferrugineus,shark,Myanmar,Mergui,Shark Cave,site,2018-01-04,1,2018-01-04,2018,1
oceanic manta,Mobula,birostris,Mobula birostris,ray,Myanmar,Mergui,Black Rock,site,2018-02-19,8,2018-02-19,2018,2
ocellated eagle ray,Aetobatus,ocellatus,Aetobatus ocellatus,ray,Myanmar,Mergui,Mergui Archipelago,NA,2018-02-19,3,2018-02-19,2018,2
nurse shark,Nebrius,ferrugineus,Nebrius ferrugineus,shark,Myanmar,Mergui,Mergui Archipelago,NA,2018-02-19,9,2018-02-19,2018,2
oceanic manta,Mobula,birostris,Mobula birostris,ray,Myanmar,Mergui,Mergui Archipelago,NA,2012-12-31,4,2012-12-31,2012,12
oceanic manta,Mobula,birostris,Mobula birostris,ray,Thailand,Similan,Koh Bon,site,2019-04-05,3,2019-04-05,2019,4
oceanic manta,Mobula,birostris,Mobula birostris,ray,Thailand,Similan,Koh Tachai,site,2019-04-05,2,2019-04-05,2019,4
oceanic manta,Mobula,birostris,Mobula birostris,ray,Thailand,Andaman (unspecified),Andaman Sea,NA,2017-04-09,9,2017-04-09,2017,4
oceanic manta,Mobula,birostris,Mobula birostris,ray,Myanmar,Mergui,Black Rock,site,2015-03-03,2,2015-03-03,2015,3
ocellated eagle ray,Aetobatus,ocellatus,Aetobatus ocellatus,ray,Myanmar,Mergui,Western Rocky,site,2019-12-29,1,2019-12-29,2019,12
blotched fantail ray,Taeniurops,meyeni,Taeniurops meyeni,ray,Myanmar,Mergui,South Twin,site,2019-12-29,3,2019-12-29,2019,12
reef manta,Mobula,alfredii,Mobula alfredii,ray,Myanmar,Mergui,Mergui Archipelago,NA,2018-12-26,3,2018-12-26,2018,12
blotched fantail ray,Taeniurops,meyeni,Taeniurops meyeni,ray,Myanmar,Mergui,Mergui Archipelago,NA,2018-12-26,1,2018-12-26,2018,12
blotched fantail ray,Taeniurops,meyeni,Taeniurops meyeni,ray,Myanmar,Burma Banks,Burma Banks,NA,2019-11-23,5,2019-11-23,2019,11
nurse shark,Nebrius,ferrugineus,Nebrius ferrugineus,shark,Myanmar,Burma Banks,Burma Banks,NA,2019-11-23,10,2019-11-23,2019,11
tiger shark,Galeocerdo,cuvier,Galeocerdo cuvier,shark,Myanmar,Burma Banks,Burma Banks,NA,2019-11-23,1,2019-11-23,2019,11
oceanic manta,Mobula,birostris,Mobula birostris,ray,Myanmar,Mergui,South Twin,site,2020-01-07,5,2020-01-07,2020,1
oceanic manta,Mobula,birostris,Mobula birostris,ray,Myanmar,Mergui,South Twin,site,2020-01-07,5,2020-01-07,2020,1
silvertip shark,Carcharhinus,albimarginatus,Carcharhinus albimarginatus,shark,Myanmar,Burma Banks,Burma Banks,NA,2020-01-07,1,2020-01-07,2020,1
nurse shark,Nebrius,ferrugineus,Nebrius ferrugineus,shark,Myanmar,Burma Banks,Burma Banks,NA,2020-01-07,8,2020-01-07,2020,1
whale shark,Rhinocodon,typus,Rhinocodon typus,shark,Thailand,Similan,Koh Tachai,site,2022-01-14,1,2022-01-14,2022,1
whale shark,Rhinocodon,typus,Rhinocodon typus,shark,Thailand,Koh Lipe,8 Mile Rock,site,2022-01-14,1,2022-01-14,2022,1
blacktip reef shark,Carcharhinus,melanopterus,Carcharhinus melanopterus,shark,Thailand,Phuket,Koh Bida Nok,site,2022-01-14,3,2022-01-14,2022,1
ocellated eagle ray,Aetobatus,ocellatus,Aetobatus ocellatus,ray,Thailand,Similan,Koh Bon,site,2022-04-06,1,2022-04-06,2022,4
mobula ray,Mobula,spp,Mobula spp,ray,Thailand,Koh Lipe,8 Mile Rock,site,2025-03-16,1,2025-03-16,2025,3
bluespotted maskray,Neotrygon,kuhlii,Neotrygon kuhlii,ray,Thailand,Surin,Koh Chi,site,2025-03-16,3,2025-03-16,2025,3
bluespotted maskray,Neotrygon,kuhlii,Neotrygon kuhlii,ray,Thailand,Surin,Koh Chi,site,02/10/2025,3,2025-02-10,2025,2
blacktip reef shark,Carcharhinus,melanopterus,Carcharhinus melanopterus,shark,Thailand,Phuket,Koh Bida Nok,site,02/15/2025,7,2025-02-15,2025,2
zebra shark,Stegostoma,tigrinum,Stegostoma tigrinum,shark,Thailand,Phuket,Shark Point,site,02/15/2025,1,2025-02-15,2025,2
ocellated eagle ray,Aetobatus,ocellatus,Aetobatus ocellatus,ray,Myanmar,Burma Banks,Burma Banks,NA,2016-11-13,4,2016-11-13,2016,11
oceanic manta,Mobula,birostris,Mobula birostris,ray,Thailand,Similan,Koh Tachai,site,11/30/2025,1,2025-11-30,2025,11
ocellated eagle ray,Aetobatus,ocellatus,Aetobatus ocellatus,ray,Myanmar,Mergui,Tower Rock,site,03/12/2016,1,2016-03-12,2016,3
blotched fantail ray,Taeniurops,meyeni,Taeniurops meyeni,ray,Myanmar,Mergui,Tower Rock,site,03/12/2016,1,2016-03-12,2016,3
blacktip reef shark,Carcharhinus,melanopterus,Carcharhinus melanopterus,shark,Myanmar,Mergui,Tower Rock,site,03/12/2016,3,2016-03-12,2016,3
whitetip reef shark,Triaenodon,obesus,Triaenodon obesus,shark,Myanmar,Mergui,Tower Rock,site,03/12/2016,3,2016-03-12,2016,3
blotched fantail ray,Taeniurops,meyeni,Taeniurops meyeni,ray,Myanmar,Burma Banks,Burma Banks,NA,12/27/2017,3,2017-12-27,2017,12
oceanic manta,Mobula,birostris,Mobula birostris,ray,Thailand,Surin,Richelieu Rock,site,04/20/2012,1,2012-04-20,2012,4
blotched fantail ray,Taeniurops,meyeni,Taeniurops meyeni,ray,Thailand,Koh Lipe,8 Mile Rock,site,07/09/2021,3,2021-07-09,2021,7
blotched fantail ray,Taeniurops,meyeni,Taeniurops meyeni,ray,Thailand,Koh Lipe,8 Mile Rock,site,07/09/2021,3,2021-07-09,2021,7
blotched fantail ray,Taeniurops,meyeni,Taeniurops meyeni,ray,Myanmar,Mergui,Black Rock,site,02/15/2020,3,2020-02-15,2020,2
nurse shark,Nebrius,ferrugineus,Nebrius ferrugineus,shark,Myanmar,Burma Banks,Burma Banks,NA,02/15/2020,10,2020-02-15,2020,2
whale shark,Rhinocodon,typus,Rhinocodon typus,shark,Myanmar,Mergui,Dendro's Pinnacle,site,02/15/2020,1,2020-02-15,2020,2
silvertip shark,Carcharhinus,albimarginatus,Carcharhinus albimarginatus,shark,Myanmar,Burma Banks,Burma Banks,NA,02/15/2020,3,2020-02-15,2020,2
grey-spotted guitarfish,acroteriovatus,spp,acroteriovatus spp,ray,Myanmar,Mergui,Black Rock,site,02/15/2020,30,2020-02-15,2020,2
ocellated eagle ray,Aetobatus,ocellatus,Aetobatus ocellatus,ray,Myanmar,Mergui,Mergui Archipelago,NA,11/29/2017,1,2017-11-29,2017,11
nurse shark,Nebrius,ferrugineus,Nebrius ferrugineus,shark,Myanmar,Mergui,Mergui Archipelago,NA,11/29/2017,2,2017-11-29,2017,11
whitetip reef shark,Triaenodon,obesus,Triaenodon obesus,shark,Myanmar,Mergui,Mergui Archipelago,NA,11/29/2017,3,2017-11-29,2017,11
blacktip reef shark,Carcharhinus,melanopterus,Carcharhinus melanopterus,shark,Thailand,Surin,Surin Islands,NA,04/13/2021,3,2021-04-13,2021,4
bluespotted maskray,Neotrygon,kuhlii,Neotrygon kuhlii,ray,Thailand,Surin,Surin Islands,NA,04/15/2021,2,2021-04-15,2021,4
ocellated eagle ray,Aetobatus,ocellatus,Aetobatus ocellatus,ray,Thailand,Surin,Surin Islands,NA,04/10/2021,NA,2021-04-10,2021,4
blacktip reef shark,Carcharhinus,melanopterus,Carcharhinus melanopterus,shark,Thailand,Surin,Surin Islands,NA,04/10/2021,1,2021-04-10,2021,4
ocellated eagle ray,Aetobatus,ocellatus,Aetobatus ocellatus,ray,Thailand,Surin,Surin Islands,NA,04/09/2021,1,2021-04-09,2021,4
oceanic manta,Mobula,birostris,Mobula birostris,ray,Myanmar,Mergui,North Twin,site,02/06/2012,1,2012-02-06,2012,2
ocellated eagle ray,Aetobatus,ocellatus,Aetobatus ocellatus,ray,Myanmar,Mergui,North Twin,site,02/06/2012,1,2012-02-06,2012,2
nurse shark,Nebrius,ferrugineus,Nebrius ferrugineus,shark,Myanmar,Mergui,North Twin,site,02/06/2012,2,2012-02-06,2012,2
zebra shark,Stegostoma,tigrinum,Stegostoma tigrinum,shark,Myanmar,Mergui,North Twin,site,02/06/2012,1,2012-02-06,2012,2
oceanic manta,Mobula,birostris,Mobula birostris,ray,Thailand,Andaman (unspecified),Andaman Sea,NA,04/20/2018,3,2018-04-20,2018,4
whale shark,Rhinocodon,typus,Rhinocodon typus,shark,Thailand,Surin,Richelieu Rock,site,04/20/2018,1,2018-04-20,2018,4
guitarfish,Rhinobatidae,spp,Rhinobatidae spp,ray,Thailand,Andaman (unspecified),Andaman Sea,NA,04/20/2018,1,2018-04-20,2018,4
oceanic manta,Mobula,birostris,Mobula birostris,ray,Myanmar,Mergui,Black Rock,site,04/14/2018,3,2018-04-14,2018,4
blotched fantail ray,Taeniurops,meyeni,Taeniurops meyeni,ray,Myanmar,Mergui,Mergui Archipelago,NA,04/14/2018,5,2018-04-14,2018,4
whitetip reef shark,Triaenodon,obesus,Triaenodon obesus,shark,Myanmar,Mergui,Mergui Archipelago,NA,04/14/2018,6,2018-04-14,2018,4
nurse shark,Nebrius,ferrugineus,Nebrius ferrugineus,shark,Myanmar,Mergui,Mergui Archipelago,NA,11/04/2014,1,2014-11-04,2014,11
mobula ray,Mobula,spp,Mobula spp,ray,Myanmar,Mergui,Mergui Archipelago,NA,05/07/2016,3,2016-05-07,2016,5
blotched fantail ray,Taeniurops,meyeni,Taeniurops meyeni,ray,Myanmar,Mergui,Mergui Archipelago,NA,05/07/2016,5,2016-05-07,2016,5
blotched fantail ray,Taeniurops,meyeni,Taeniurops meyeni,ray,Myanmar,Burma Banks,Burma Banks,NA,03/24/2019,10,2019-03-24,2019,3
porcupine ray,Urogymnus,asperrimus,Urogymnus asperrimus,ray,Myanmar,Burma Banks,Burma Banks,NA,03/24/2019,1,2019-03-24,2019,3
nurse shark,Nebrius,ferrugineus,Nebrius ferrugineus,shark,Myanmar,Burma Banks,Burma Banks,NA,03/24/2019,12,2019-03-24,2019,3
tiger shark,Galeocerdo,cuvier,Galeocerdo cuvier,shark,Myanmar,Burma Banks,Burma Banks,NA,03/24/2019,1,2019-03-24,2019,3
ocellated eagle ray,Aetobatus,ocellatus,Aetobatus ocellatus,ray,Thailand,Similan,Koh Bon,site,04/19/2018,1,2018-04-19,2018,4
bluespotted maskray,Neotrygon,kuhlii,Neotrygon kuhlii,ray,Thailand,Surin,Surin Islands,NA,04/19/2018,10,2018-04-19,2018,4
jenkins' whipray,Pateobatis,jenkinsii,Pateobatis jenkinsii,ray,Thailand,Similan,Koh Bon,site,04/19/2018,1,2018-04-19,2018,4
guitarfish,Rhinobatidae,spp,Rhinobatidae spp,ray,Thailand,Similan,Koh Bon,site,04/19/2018,1,2018-04-19,2018,4
zebra shark,Stegostoma,tigrinum,Stegostoma tigrinum,shark,Thailand,Similan,Koh Bon,site,04/19/2018,1,2018-04-19,2018,4
whale shark,Rhinocodon,typus,Rhinocodon typus,shark,Thailand,Surin,Richelieu Rock,site,04/19/2018,1,2018-04-19,2018,4
whale shark,Rhinocodon,typus,Rhinocodon typus,shark,Myanmar,Mergui,Mergui Archipelago,NA,04/15/2019,2,2019-04-15,2019,4
nurse shark,Nebrius,ferrugineus,Nebrius ferrugineus,shark,Myanmar,Mergui,Mergui Archipelago,NA,04/15/2019,5,2019-04-15,2019,4
oceanic manta,Mobula,birostris,Mobula birostris,ray,Myanmar,Mergui,Black Rock,site,10/23/2015,20,2015-10-23,2015,10
ocellated eagle ray,Aetobatus,ocellatus,Aetobatus ocellatus,ray,Thailand,Similan,Koh Bon,site,01/15/2022,1,2022-01-15,2022,1
guitarfish,Rhinobatidae,spp,Rhinobatidae spp,ray,Thailand,Similan,Koh Bon,site,01/15/2022,1,2022-01-15,2022,1
whitetip reef shark,Triaenodon,obesus,Triaenodon obesus,shark,Thailand,Similan,Koh Bon,site,01/15/2022,3,2022-01-15,2022,1
bluespotted maskray,Neotrygon,kuhlii,Neotrygon kuhlii,ray,Thailand,Surin,Surin Islands,NA,11/25/2012,1,2012-11-25,2012,11
oceanic manta,Mobula,birostris,Mobula birostris,ray,Thailand,Similan,Koh Bon,site,02/25/2021,1,2021-02-25,2021,2
guitarfish,Rhinobatidae,spp,Rhinobatidae spp,ray,Thailand,Similan,Kitten City,site,02/25/2021,1,2021-02-25,2021,2
bluespotted maskray,Neotrygon,kuhlii,Neotrygon kuhlii,ray,Thailand,Similan,Kitten City,site,02/25/2021,3,2021-02-25,2021,2
jenkins' whipray,Pateobatis,jenkinsii,Pateobatis jenkinsii,ray,Thailand,Similan,Kitten City,site,02/25/2021,3,2021-02-25,2021,2
bull shark,Carcharhinus,leucas,Carcharhinus leucas,shark,Thailand,Similan,Koh Bon,site,02/15/2021,1,2021-02-15,2021,2
blacktip reef shark,Carcharhinus,melanopterus,Carcharhinus melanopterus,shark,Thailand,Similan,Koh Bon,site,02/15/2021,1,2021-02-15,2021,2
jenkins' whipray,Pateobatis,jenkinsii,Pateobatis jenkinsii,ray,Thailand,Surin,Surin Islands,NA,03/08/2019,3,2019-03-08,2019,3
whale shark,Rhinocodon,typus,Rhinocodon typus,shark,Thailand,Surin,Richelieu Rock,site,03/08/2019,2,2019-03-08,2019,3
bluespotted maskray,Neotrygon,kuhlii,Neotrygon kuhlii,ray,Thailand,Similan,Koh Tachai,site,12/04/2016,5,2016-12-04,2016,12
blotched fantail ray,Taeniurops,meyeni,Taeniurops meyeni,ray,Thailand,Similan,Koh Tachai,site,12/04/2016,3,2016-12-04,2016,12
blacktip reef shark,Carcharhinus,melanopterus,Carcharhinus melanopterus,shark,Thailand,Similan,Koh Tachai,site,11/08/2024,1,2024-11-08,2024,11
ocellated eagle ray,Aetobatus,ocellatus,Aetobatus ocellatus,ray,Thailand,Surin,Richelieu Rock,site,03/10/2021,1,2021-03-10,2021,3
ocellated eagle ray,Aetobatus,ocellatus,Aetobatus ocellatus,ray,Thailand,Similan,Koh Bon,site,03/11/2021,1,2021-03-11,2021,3
zebra shark,Stegostoma,tigrinum,Stegostoma tigrinum,shark,Thailand,Similan,Koh Bon,site,03/11/2021,1,2021-03-11,2021,3
brown banded bamboo shark,Chiloscyllium,punctatum,Chiloscyllium punctatum,shark,Thailand,Surin,Richelieu Rock,site,03/10/2021,NA,2021-03-10,2021,3
ocellated eagle ray,Aetobatus,ocellatus,Aetobatus ocellatus,ray,Myanmar,Mergui,Mergui Archipelago,NA,01/2/2015,1,2015-01-02,2015,1
nurse shark,Nebrius,ferrugineus,Nebrius ferrugineus,shark,Myanmar,Mergui,Mergui Archipelago,NA,01/2/2015,1,2015-01-02,2015,1
whale shark,Rhinocodon,typus,Rhinocodon typus,shark,Myanmar,Mergui,Mergui Archipelago,NA,01/2/2015,1,2015-01-02,2015,1
zebra shark,Stegostoma,tigrinum,Stegostoma tigrinum,shark,Thailand,Similan,Koh Bon,site,05/07/2016,1,2016-05-07,2016,5
guitarfish,Rhinobatidae,spp,Rhinobatidae spp,ray,Thailand,Similan,Koh Bon,site,05/07/2016,1,2016-05-07,2016,5
ocellated eagle ray,Aetobatus,ocellatus,Aetobatus ocellatus,ray,Myanmar,Mergui,North Twin,site,03/31/2020,3,2020-03-31,2020,3
jenkins' whipray,Pateobatis,jenkinsii,Pateobatis jenkinsii,ray,Thailand,Similan,Eagle Rock,site,03/31/2020,3,2020-03-31,2020,3
blotched fantail ray,Taeniurops,meyeni,Taeniurops meyeni,ray,Myanmar,Mergui,Shark Cave,site,03/31/2020,3,2020-03-31,2020,3
silvertip shark,Carcharhinus,albimarginatus,Carcharhinus albimarginatus,shark,Myanmar,Burma Banks,Burma Banks,NA,03/31/2020,5,2020-03-31,2020,3
nurse shark,Nebrius,ferrugineus,Nebrius ferrugineus,shark,Myanmar,Burma Banks,Burma Banks,NA,03/31/2020,20,2020-03-31,2020,3
blotched fantail ray,Taeniurops,meyeni,Taeniurops meyeni,ray,Myanmar,Mergui,Mergui Archipelago,NA,01/20/2020,15,2020-01-20,2020,1
jenkins' whipray,Pateobatis,jenkinsii,Pateobatis jenkinsii,ray,Myanmar,Mergui,Mergui Archipelago,NA,01/20/2020,10,2020-01-20,2020,1
ocellated eagle ray,Aetobatus,ocellatus,Aetobatus ocellatus,ray,Myanmar,Mergui,Mergui Archipelago,NA,03/24/2016,1,2016-03-24,2016,3
ocellated eagle ray,Aetobatus,ocellatus,Aetobatus ocellatus,ray,Thailand,Surin,Ao Pakkard,site,12/11/2024,1,2024-12-11,2024,12
whitetip reef shark,Triaenodon,obesus,Triaenodon obesus,shark,Thailand,Similan,Koh Bon,site,12/11/2024,3,2024-12-11,2024,12
blacktip reef shark,Carcharhinus,melanopterus,Carcharhinus melanopterus,shark,Thailand,Surin,Ao Pakkard,site,12/11/2024,1,2024-12-11,2024,12
white-spotted wedgefish,Rhynchobatus,australiae,Rhynchobatus australiae,ray,Thailand,Similan,Similan Islands,NA,2024-04-13,1,2024-04-13,2024,4
blotched fantail ray,Taeniurops,meyeni,Taeniurops meyeni,ray,Thailand,Similan,Similan Islands,NA,2024-04-13,3,2024-04-13,2024,4
bluespotted maskray,Neotrygon,kuhlii,Neotrygon kuhlii,ray,Thailand,Similan,Three Trees,site,01/09/2025,2,2025-01-09,2025,1
whitetip reef shark,Triaenodon,obesus,Triaenodon obesus,shark,Thailand,Similan,Christmas Point,site,1217/2024,1,2024-12-17,2024,12
ocellated eagle ray,Aetobatus,ocellatus,Aetobatus ocellatus,ray,Thailand,Surin,Richelieu Rock,site,01/15/2025,2,2025-01-15,2025,1
bluespotted maskray,Neotrygon,kuhlii,Neotrygon kuhlii,ray,Thailand,Surin,Richelieu Rock,site,01/15/2025,5,2025-01-15,2025,1
jenkins' whipray,Pateobatis,jenkinsii,Pateobatis jenkinsii,ray,Thailand,Surin,Richelieu Rock,site,01/15/2025,2,2025-01-15,2025,1
zebra shark,Stegostoma,tigrinum,Stegostoma tigrinum,shark,Thailand,Similan,Elephant Head Rock,site,01/15/2025,1,2025-01-15,2025,1
blacktip reef shark,Carcharhinus,melanopterus,Carcharhinus melanopterus,shark,Thailand,Surin,Richelieu Rock,site,2025-01-15,2,2025-01-15,2025,1
blacktip reef shark,Carcharhinus,melanopterus,Carcharhinus melanopterus,shark,Thailand,Surin,Surin Islands,NA,2025-01-15,1,2025-01-15,2025,1
reef manta,Mobula,alfredii,Mobula alfredii,ray,Myanmar,Mergui,Seafan Forest,site,2024-12-22,1,2024-12-22,2024,12
oceanic manta,Mobula,birostris,Mobula birostris,ray,Myanmar,Mergui,Eagle's Nest,site,2024-12-22,1,2024-12-22,2024,12
oceanic manta,Mobula,birostris,Mobula birostris,ray,Myanmar,Mergui,Dendro's Pinnacle,site,2024-12-22,1,2024-12-22,2024,12
bluespotted maskray,Neotrygon,kuhlii,Neotrygon kuhlii,ray,Myanmar,Mergui,High Rock,site,2024-12-22,3,2024-12-22,2024,12
bluespotted maskray,Neotrygon,kuhlii,Neotrygon kuhlii,ray,Myanmar,Mergui,Square Rock,site,2024-12-22,1,2024-12-22,2024,12
bluespotted maskray,Neotrygon,kuhlii,Neotrygon kuhlii,ray,Myanmar,Mergui,Shark Cave,site,2024-12-22,3,2024-12-22,2024,12
blotched fantail ray,Taeniurops,meyeni,Taeniurops meyeni,ray,Myanmar,Mergui,Shark Cave,site,2024-12-22,NA,2024-12-22,2024,12
ocellated eagle ray,Aetobatus,ocellatus,Aetobatus ocellatus,ray,Myanmar,Mergui,Seafan Forest,site,10/24/2024,1,2024-10-24,2024,10
blotched fantail ray,Taeniurops,meyeni,Taeniurops meyeni,ray,Myanmar,Burma Banks,Burma Banks,NA,10/24/2024,1,2024-10-24,2024,10
mangrove whipray,Urogymnus,granulatus,Urogymnus granulatus,ray,Myanmar,Burma Banks,Rainbow Bank,site,10/24/2024,1,2024-10-24,2024,10
ray,Batidae,spp,Batidae spp,ray,Thailand,Similan,Eagle Rock,site,10/28/2024,5,2024-10-28,2024,10
nurse shark,Nebrius,ferrugineus,Nebrius ferrugineus,shark,Myanmar,Mergui,Mergui Archipelago,NA,10/28/2024,1,2024-10-28,2024,10
nurse shark,Nebrius,ferrugineus,Nebrius ferrugineus,shark,Myanmar,Burma Banks,Burma Banks,NA,10/30/2024,25,2024-10-30,2024,10
nurse shark,Nebrius,ferrugineus,Nebrius ferrugineus,shark,Myanmar,Burma Banks,Burma Banks,NA,10/30/2024,12,2024-10-30,2024,10
nurse shark,Nebrius,ferrugineus,Nebrius ferrugineus,shark,Myanmar,Burma Banks,Rainbow Bank,site,10/30/2024,3,2024-10-30,2024,10
nurse shark,Nebrius,ferrugineus,Nebrius ferrugineus,shark,Myanmar,Burma Banks,Roe Bank,site,10/30/2024,10,2024-10-30,2024,10
nurse shark,Nebrius,ferrugineus,Nebrius ferrugineus,shark,Myanmar,Burma Banks,Roe Bank,site,10/30/2024,15,2024-10-30,2024,10
silvertip shark,Carcharhinus,albimarginatus,Carcharhinus albimarginatus,shark,Myanmar,Burma Banks,Roe Bank,site,10/30/2024,3,2024-10-30,2024,10
nurse shark,Nebrius,ferrugineus,Nebrius ferrugineus,shark,Myanmar,Burma Banks,Roe Bank,site,10/30/2024,3,2024-10-30,2024,10
blotched fantail ray,Taeniurops,meyeni,Taeniurops meyeni,ray,Myanmar,Mergui,Shark Cave,site,04/30/2024,5,2024-04-30,2024,4
blotched fantail ray,Taeniurops,meyeni,Taeniurops meyeni,ray,Myanmar,Mergui,Dendro's Pinnacle,site,04/30/2024,5,2024-04-30,2024,4
blotched fantail ray,Taeniurops,meyeni,Taeniurops meyeni,ray,Myanmar,Mergui,Western Rocky,site,04/30/2024,1,2024-04-30,2024,4
nurse shark,Nebrius,ferrugineus,Nebrius ferrugineus,shark,Myanmar,Burma Banks,Burma Banks,NA,04/30/2024,5,2024-04-30,2024,4
nurse shark,Nebrius,ferrugineus,Nebrius ferrugineus,shark,Myanmar,Burma Banks,Burma Banks,NA,04/30/2024,15,2024-04-30,2024,4
bluespotted maskray,Neotrygon,kuhlii,Neotrygon kuhlii,ray,Thailand,Similan,Yellow Rock,site,01/10/2025,7,2025-01-10,2025,1
jenkins' whipray,Pateobatis,jenkinsii,Pateobatis jenkinsii,ray,Thailand,Surin,Ao Pakkard,site,01/10/2025,7,2025-01-10,2025,1
bluespotted maskray,Neotrygon,kuhlii,Neotrygon kuhlii,ray,Thailand,Surin,Ao Pakkard,site,01/10/2025,5,2025-01-10,2025,1
bluespotted maskray,Neotrygon,kuhlii,Neotrygon kuhlii,ray,Thailand,Similan,Three Trees,site,01/10/2025,5,2025-01-10,2025,1
blotched fantail ray,Taeniurops,meyeni,Taeniurops meyeni,ray,Thailand,Surin,Richelieu Rock,site,2024-03-14,1,2024-03-14,2024,3
zebra shark,Stegostoma,tigrinum,Stegostoma tigrinum,shark,Thailand,Surin,Richelieu Rock,site,2024-03-14,1,2024-03-14,2024,3
requiem shark,Carcharhinidae,spp,Carcharhinidae spp,shark,Thailand,Surin,Richelieu Rock,site,2024-03-14,5,2024-03-14,2024,3
oceanic manta,Mobula,birostris,Mobula birostris,ray,Thailand,Surin,Richelieu Rock,site,10/22/2024,2,2024-10-22,2024,10
blacktip reef shark,Carcharhinus,melanopterus,Carcharhinus melanopterus,shark,Thailand,Surin,Surin Islands,NA,10/22/2024,1,2024-10-22,2024,10
blacktip reef shark,Carcharhinus,melanopterus,Carcharhinus melanopterus,shark,Thailand,Similan,Koh Tachai,site,10/22/2024,1,2024-10-22,2024,10
whale shark,Rhinocodon,typus,Rhinocodon typus,shark,Thailand,Surin,Richelieu Rock,site,10/22/2024,1,2024-10-22,2024,10
oceanic manta,Mobula,birostris,Mobula birostris,ray,Myanmar,Mergui,Seafan Forest,site,10/30/2023,1,2023-10-30,2023,10
blotched fantail ray,Taeniurops,meyeni,Taeniurops meyeni,ray,Myanmar,Mergui,Shark Cave,site,10/30/2023,3,2023-10-30,2023,10
ocellated eagle ray,Aetobatus,ocellatus,Aetobatus ocellatus,ray,Myanmar,Mergui,North Twin,site,2025-02-03,1,2025-02-03,2025,2
bluespotted maskray,Neotrygon,kuhlii,Neotrygon kuhlii,ray,Myanmar,Mergui,North Twin,site,2025-02-03,5,2025-02-03,2025,2
blotched fantail ray,Taeniurops,meyeni,Taeniurops meyeni,ray,Myanmar,Mergui,Three Islets,site,2025-02-02,5,2025-02-02,2025,2
blotched fantail ray,Taeniurops,meyeni,Taeniurops meyeni,ray,Myanmar,Burma Banks,Rainbow Bank,site,2025-02-04,5,2025-02-04,2025,2
blotched fantail ray,Taeniurops,meyeni,Taeniurops meyeni,ray,Myanmar,Burma Banks,Silvertip Bank,site,2025-02-05,5,2025-02-05,2025,2
brown banded bamboo shark,Chiloscyllium,punctatum,Chiloscyllium punctatum,shark,Myanmar,Mergui,Shark Cave,site,2025-02-02,1,2025-02-02,2025,2
nurse shark,Nebrius,ferrugineus,Nebrius ferrugineus,shark,Myanmar,Burma Banks,Roe Bank,site,2025-02-04,10,2025-02-04,2025,2
nurse shark,Nebrius,ferrugineus,Nebrius ferrugineus,shark,Myanmar,Burma Banks,Rainbow Bank,site,2025-02-04,1,2025-02-04,2025,2
nurse shark,Nebrius,ferrugineus,Nebrius ferrugineus,shark,Myanmar,Burma Banks,Coral Bank,site,2025-02-05,10,2025-02-05,2025,2
nurse shark,Nebrius,ferrugineus,Nebrius ferrugineus,shark,Myanmar,Burma Banks,Silvertip Bank,site,2025-02-05,5,2025-02-05,2025,2
mangrove whipray,Urogymnus,granulatus,Urogymnus granulatus,ray,Myanmar,Burma Banks,Coral Bank,site,2025-02-05,1,2025-02-05,2025,2
blotched fantail ray,Taeniurops,meyeni,Taeniurops meyeni,ray,Myanmar,Burma Banks,Rainbow Bank,site,2025-02-04,5,2025-02-04,2025,2
oceanic manta,Mobula,birostris,Mobula birostris,ray,Myanmar,Mergui,Black Rock,site,2025-02-28,1,2025-02-28,2025,2
ocellated eagle ray,Aetobatus,ocellatus,Aetobatus ocellatus,ray,Myanmar,Mergui,Three Islets,site,2025-02-28,1,2025-02-28,2025,2
blotched fantail ray,Taeniurops,meyeni,Taeniurops meyeni,ray,Myanmar,Mergui,Three Islets,site,2025-02-28,1,2025-02-28,2025,2
grey reef shark,Carcharhinus,amblyrhynchos,Carcharhinus amblyrhynchos,shark,Myanmar,Mergui,South Twin,site,2025-02-27,1,2025-02-27,2025,2
blotched fantail ray,Taeniurops,meyeni,Taeniurops meyeni,ray,Myanmar,Burma Banks,Silvertip Bank,site,2025-01-03,5,2025-01-03,2025,1
nurse shark,Nebrius,ferrugineus,Nebrius ferrugineus,shark,Myanmar,Burma Banks,Roe Bank,site,2025-01-02,10,2025-01-02,2025,1
whitetip reef shark,Triaenodon,obesus,Triaenodon obesus,shark,Myanmar,Burma Banks,Roe Bank,site,2025-01-02,5,2025-01-02,2025,1
nurse shark,Nebrius,ferrugineus,Nebrius ferrugineus,shark,Myanmar,Burma Banks,Rainbow Bank,site,2025-01-02,10,2025-01-02,2025,1
whitetip reef shark,Triaenodon,obesus,Triaenodon obesus,shark,Myanmar,Burma Banks,Rainbow Bank,site,2025-01-02,5,2025-01-02,2025,1
nurse shark,Nebrius,ferrugineus,Nebrius ferrugineus,shark,Myanmar,Burma Banks,Rainbow Bank,site,2025-01-02,5,2025-01-02,2025,1
nurse shark,Nebrius,ferrugineus,Nebrius ferrugineus,shark,Myanmar,Burma Banks,Roe Bank,site,2025-01-03,10,2025-01-03,2025,1
grey reef shark,Carcharhinus,amblyrhynchos,Carcharhinus amblyrhynchos,shark,Myanmar,Burma Banks,Rainbow Bank,site,2025-01-03,1,2025-01-03,2025,1
silvertip shark,Carcharhinus,albimarginatus,Carcharhinus albimarginatus,shark,Myanmar,Burma Banks,Silvertip Bank,site,2025-01-03,1,2025-01-03,2025,1
grey reef shark,Carcharhinus,amblyrhynchos,Carcharhinus amblyrhynchos,shark,Myanmar,Burma Banks,Silvertip Bank,site,2025-01-03,5,2025-01-03,2025,1
nurse shark,Nebrius,ferrugineus,Nebrius ferrugineus,shark,Myanmar,Burma Banks,Roe Bank,site,2025-01-02,5,2025-01-02,2025,1
oceanic manta,Mobula,birostris,Mobula birostris,ray,Myanmar,Burma Banks,Silvertip Bank,site,2025-01-27,1,2025-01-27,2025,1
ocellated eagle ray,Aetobatus,ocellatus,Aetobatus ocellatus,ray,Myanmar,Mergui,North Twin,site,2025-01-25,1,2025-01-25,2025,1
bluespotted maskray,Neotrygon,kuhlii,Neotrygon kuhlii,ray,Myanmar,Burma Banks,Coral Bank,site,2025-01-26,5,2025-01-26,2025,1
blotched fantail ray,Taeniurops,meyeni,Taeniurops meyeni,ray,Myanmar,Mergui,Shark Cave,site,2025-01-24,1,2025-01-24,2025,1
blotched fantail ray,Taeniurops,meyeni,Taeniurops meyeni,ray,Myanmar,Burma Banks,Silvertip Bank,site,2025-01-26,1,2025-01-26,2025,1
blotched fantail ray,Taeniurops,meyeni,Taeniurops meyeni,ray,Myanmar,Burma Banks,Silvertip Bank,site,2025-01-26,5,2025-01-26,2025,1
blotched fantail ray,Taeniurops,meyeni,Taeniurops meyeni,ray,Myanmar,Mergui,Western Rocky,site,2025-01-28,1,2025-01-28,2025,1
blotched fantail ray,Taeniurops,meyeni,Taeniurops meyeni,ray,Myanmar,Mergui,Dendro's Pinnacle,site,2025-01-29,1,2025-01-29,2025,1
nurse shark,Nebrius,ferrugineus,Nebrius ferrugineus,shark,Myanmar,Burma Banks,Roe Bank,site,2025-01-26,1,2025-01-26,2025,1
nurse shark,Nebrius,ferrugineus,Nebrius ferrugineus,shark,Myanmar,Burma Banks,Coral Bank,site,2025-01-26,10,2025-01-26,2025,1
silvertip shark,Carcharhinus,albimarginatus,Carcharhinus albimarginatus,shark,Myanmar,Burma Banks,Silvertip Bank,site,2025-01-26,1,2025-01-26,2025,1
nurse shark,Nebrius,ferrugineus,Nebrius ferrugineus,shark,Myanmar,Burma Banks,Rainbow Bank,site,2025-01-27,10,2025-01-27,2025,1
requiem shark,Carcharhinidae,spp,Carcharhinidae spp,shark,Myanmar,Burma Banks,Silvertip Bank,site,2025-01-27,3,2025-01-27,2025,1
silvertip shark,Carcharhinus,albimarginatus,Carcharhinus albimarginatus,shark,Myanmar,Burma Banks,Silvertip Bank,site,2025-01-27,1,2025-01-27,2025,1
bluespotted maskray,Neotrygon,kuhlii,Neotrygon kuhlii,ray,Thailand,Surin,Surin Islands,NA,2023-04-26,5,2023-04-26,2023,4
blacktip reef shark,Carcharhinus,melanopterus,Carcharhinus melanopterus,shark,Thailand,Phuket,Shark Point,site,2023-05-01,5,2023-05-01,2023,5
oceanic manta,Mobula,birostris,Mobula birostris,ray,Thailand,Similan,Similan Islands,NA,2023-03-23,1,2023-03-23,2023,3
mobula ray,Mobula,spp,Mobula spp,ray,Thailand,Similan,Similan Islands,NA,2023-03-24,1,2023-03-24,2023,3
zebra shark,Stegostoma,tigrinum,Stegostoma tigrinum,shark,Thailand,Similan,Similan Islands,NA,2023-03-24,1,2023-03-24,2023,3
blacktip reef shark,Carcharhinus,melanopterus,Carcharhinus melanopterus,shark,Thailand,Surin,Surin Islands,NA,2023-03-23,5,2023-03-23,2023,3
zebra shark,Stegostoma,tigrinum,Stegostoma tigrinum,shark,Thailand,Phuket,Phuket,NA,2023-03-28,1,2023-03-28,2023,3
oceanic manta,Mobula,birostris,Mobula birostris,ray,Myanmar,Burma Banks,Burma Banks,NA,2024-04-23,1,2024-04-23,2024,4
ocellated eagle ray,Aetobatus,ocellatus,Aetobatus ocellatus,ray,Myanmar,Mergui,Tower Rock,site,2024-04-24,1,2024-04-24,2024,4
blotched fantail ray,Taeniurops,meyeni,Taeniurops meyeni,ray,Myanmar,Mergui,Western Rocky,site,2024-04-26,1,2024-04-26,2024,4
bull shark,Carcharhinus,leucas,Carcharhinus leucas,shark,Myanmar,Mergui,Black Rock,site,2024-04-25,1,2024-04-25,2024,4
nurse shark,Nebrius,ferrugineus,Nebrius ferrugineus,shark,Myanmar,Burma Banks,Burma Banks,NA,2024-04-25,10,2024-04-25,2024,4
grey reef shark,Carcharhinus,amblyrhynchos,Carcharhinus amblyrhynchos,shark,Myanmar,Burma Banks,Burma Banks,NA,2024-04-25,5,2024-04-25,2024,4
oceanic manta,Mobula,birostris,Mobula birostris,ray,Thailand,Koh Lanta,Hin Muang,site,2023-12-23,4,2023-12-23,2023,12
ocellated eagle ray,Aetobatus,ocellatus,Aetobatus ocellatus,ray,Thailand,Surin,Richelieu Rock,site,2023-12-20,1,2023-12-20,2023,12
jenkins' whipray,Pateobatis,jenkinsii,Pateobatis jenkinsii,ray,Thailand,Surin,Richelieu Rock,site,2023-12-20,1,2023-12-20,2023,12
blotched fantail ray,Taeniurops,meyeni,Taeniurops meyeni,ray,Thailand,Similan,West Ridge,site,2023-12-21,1,2023-12-21,2023,12
guitarfish,Rhinobatidae,spp,Rhinobatidae spp,ray,Thailand,Similan,North Ridge,site,2023-12-21,2,2023-12-21,2023,12
whitetip reef shark,Triaenodon,obesus,Triaenodon obesus,shark,Thailand,Similan,Elephant Head Rock,site,2023-12-22,2,2023-12-22,2023,12
zebra shark,Stegostoma,tigrinum,Stegostoma tigrinum,shark,Thailand,Similan,Elephant Head Rock,site,2023-12-22,1,2023-12-22,2023,12
nurse shark,Nebrius,ferrugineus,Nebrius ferrugineus,shark,Thailand,Similan,Three Trees,site,2023-12-22,1,2023-12-22,2023,12
zebra shark,Stegostoma,tigrinum,Stegostoma tigrinum,shark,Thailand,Phuket,Shark Point,site,2023-12-27,1,2023-12-27,2023,12
guitarfish,Rhinobatidae,spp,Rhinobatidae spp,ray,Thailand,Phuket,Shark Point,site,2023-12-27,1,2023-12-27,2023,12
zebra shark,Stegostoma,tigrinum,Stegostoma tigrinum,shark,Thailand,Andaman (unspecified),Andaman Sea,NA,NA,1,NA,NA,NA
oceanic manta,Mobula,birostris,Mobula birostris,ray,Thailand,Koh Lanta,"Hin Muang, Hin Daeng",site,2024-03-30,4,2024-03-30,2024,3
oceanic manta,Mobula,birostris,Mobula birostris,ray,Thailand,Koh Lanta,"Hin Muang, Hin Daeng",site,2024-04-01,2,2024-04-01,2024,4
blotched fantail ray,Taeniurops,meyeni,Taeniurops meyeni,ray,Thailand,Koh Lanta,Koh Haa,site,2024-04-02,4,2024-04-02,2024,4
coral catshark,Atelomycterus,marmoratus,Atelomycterus marmoratus,shark,Thailand,Koh Lipe,Tarutao National Park,site,2024-04-01,5,2024-04-01,2024,4
whitetip reef shark,Triaenodon,obesus,Triaenodon obesus,shark,Thailand,Similan,Similan Islands,NA,2024-04-01,5,2024-04-01,2024,4
bull shark,Carcharhinus,leucas,Carcharhinus leucas,shark,Thailand,Similan,Koh Bon,site,2024-04-01,1,2024-04-01,2024,4
blacktip reef shark,Carcharhinus,melanopterus,Carcharhinus melanopterus,shark,Thailand,Similan,Similan Islands,NA,2023-02-16,5,2023-02-16,2023,2
reef manta,Mobula,alfredii,Mobula alfredii,ray,Thailand,Similan,Similan Islands,NA,2024-01-11,3,2024-01-11,2024,1
blotched fantail ray,Taeniurops,meyeni,Taeniurops meyeni,ray,Thailand,Surin,Surin Islands,NA,2024-01-06,1,2024-01-06,2024,1
blotched fantail ray,Taeniurops,meyeni,Taeniurops meyeni,ray,Thailand,Similan,Koh Bon,site,2024-01-10,5,2024-01-10,2024,1
blotched fantail ray,Taeniurops,meyeni,Taeniurops meyeni,ray,Thailand,Similan,Rocky Point,site,2024-01-12,5,2024-01-12,2024,1
bull shark,Carcharhinus,leucas,Carcharhinus leucas,shark,Thailand,Similan,Koh Bon,site,2024-01-10,7,2024-01-10,2024,1
bull shark,Carcharhinus,leucas,Carcharhinus leucas,shark,Thailand,Similan,West of Eden,site,2024-01-12,1,2024-01-12,2024,1
bluespotted maskray,Neotrygon,kuhlii,Neotrygon kuhlii,ray,Thailand,Koh Lipe,North Point,site,2023-02-21,10,2023-02-21,2023,2
whitetip reef shark,Triaenodon,obesus,Triaenodon obesus,shark,Thailand,Similan,Christmas Point,site,2023-02-20,4,2023-02-20,2023,2
bluespotted maskray,Neotrygon,kuhlii,Neotrygon kuhlii,ray,Thailand,Khao Lak,Boonsung Wreck,site,2023-04-02,5,2023-04-02,2023,4
whitetip reef shark,Triaenodon,obesus,Triaenodon obesus,shark,Thailand,Similan,Shark Fin Reef,site,2023-03-31,1,2023-03-31,2023,3
whitetip reef shark,Triaenodon,obesus,Triaenodon obesus,shark,Thailand,Surin,Richelieu Rock,site,2023-03-31,5,2023-03-31,2023,3
brown banded bamboo shark,Chiloscyllium,punctatum,Chiloscyllium punctatum,shark,Thailand,Surin,Richelieu Rock,site,2023-04-02,2,2023-04-02,2023,4
blotched fantail ray,Taeniurops,meyeni,Taeniurops meyeni,ray,Thailand,Similan,Yellow Rock,site,2023-03-05,1,2023-03-05,2023,3
blacktip reef shark,Carcharhinus,melanopterus,Carcharhinus melanopterus,shark,Thailand,Similan,Koh Tachai,site,2023-03-05,5,2023-03-05,2023,3
oceanic manta,Mobula,birostris,Mobula birostris,ray,Thailand,Similan,Koh Bon,site,2023-04-05,2,2023-04-05,2023,4
bluespotted maskray,Neotrygon,kuhlii,Neotrygon kuhlii,ray,Thailand,Phuket,Racha Noi,site,2023-04-06,5,2023-04-06,2023,4
blotched fantail ray,Taeniurops,meyeni,Taeniurops meyeni,ray,Thailand,Similan,Koh Bon,site,2023-04-05,1,2023-04-05,2023,4
ocellated eagle ray,Aetobatus,ocellatus,Aetobatus ocellatus,ray,Thailand,Surin,Richelieu Rock,site,2023-02-28,1,2023-02-28,2023,2
bluespotted maskray,Neotrygon,kuhlii,Neotrygon kuhlii,ray,Thailand,Surin,Richelieu Rock,site,2023-02-28,10,2023-02-28,2023,2
white-spotted wedgefish,Rhynchobatus,australiae,Rhynchobatus australiae,ray,Thailand,Surin,Surin Islands,NA,2023-02-27,1,2023-02-27,2023,2
ocellated eagle ray,Aetobatus,ocellatus,Aetobatus ocellatus,ray,Thailand,Surin,Koh Chi,site,2024-11-23,1,2024-11-23,2024,11
bluespotted maskray,Neotrygon,kuhlii,Neotrygon kuhlii,ray,Thailand,Similan,Three Trees,site,2024-11-25,5,2024-11-25,2024,11
blacktip reef shark,Carcharhinus,melanopterus,Carcharhinus melanopterus,shark,Thailand,Surin,Koh Chi,site,2024-11-23,1,2024-11-23,2024,11
whitetip reef shark,Triaenodon,obesus,Triaenodon obesus,shark,Thailand,Similan,Elephant Head Rock,site,2024-11-25,1,2024-11-25,2024,11
blacktip reef shark,Carcharhinus,melanopterus,Carcharhinus melanopterus,shark,Thailand,Phuket,Koh Bida Nok,site,2024-11-29,4,2024-11-29,2024,11
oceanic manta,Mobula,birostris,Mobula birostris,ray,Thailand,Koh Lanta,Hin Muang,site,2023-11-13,3,2023-11-13,2023,11
oceanic manta,Mobula,birostris,Mobula birostris,ray,Thailand,Koh Lanta,Hin Muang,site,2023-11-13,3,2023-11-13,2023,11
blacktip reef shark,Carcharhinus,melanopterus,Carcharhinus melanopterus,shark,Thailand,Similan,Similan Islands,NA,2023-11-14,5,2023-11-14,2023,11
guitarfish,Rhinobatidae,spp,Rhinobatidae spp,ray,Thailand,Similan,Similan Islands,NA,2023-11-14,1,2023-11-14,2023,11
zebra shark,Stegostoma,tigrinum,Stegostoma tigrinum,shark,Thailand,Phuket,Phuket,NA,2023-11-11,1,2023-11-11,2023,11
nurse shark,Nebrius,ferrugineus,Nebrius ferrugineus,shark,Thailand,Similan,Similan Islands,NA,2023-11-14,10,2023-11-14,2023,11
oceanic manta,Mobula,birostris,Mobula birostris,ray,Thailand,Koh Lanta,Lanta National Park,NA,2022-12-4,1,2022-12-04,2022,12
blacktip reef shark,Carcharhinus,melanopterus,Carcharhinus melanopterus,shark,Thailand,Phuket,Shark Point,site,2022-12-8,5,2022-12-08,2022,12
blotched fantail ray,Taeniurops,meyeni,Taeniurops meyeni,ray,Thailand,Similan,Similan Islands,NA,2023-11-05,1,2023-11-05,2023,11
blotched fantail ray,Taeniurops,meyeni,Taeniurops meyeni,ray,Thailand,Similan,Koh Bon,site,2023-12-30,2,2023-12-30,2023,12
jenkins' whipray,Pateobatis,jenkinsii,Pateobatis jenkinsii,ray,Thailand,Similan,Koh Bon,site,2024-01-02,1,2024-01-02,2024,1
whitetip reef shark,Triaenodon,obesus,Triaenodon obesus,shark,Thailand,Similan,Shark Fin Reef,site,2024-01-01,5,2024-01-01,2024,1
oceanic manta,Mobula,birostris,Mobula birostris,ray,Thailand,Koh Lipe,Koh Lipe,site,2022-12-14,1,2022-12-14,2022,12
ocellated eagle ray,Aetobatus,ocellatus,Aetobatus ocellatus,ray,Thailand,Similan,Similan Islands,NA,2022-11-16,1,2022-11-16,2022,11
blacktip reef shark,Carcharhinus,melanopterus,Carcharhinus melanopterus,shark,Thailand,Similan,Similan Islands,NA,2022-12-16,5,2022-12-16,2022,12
oceanic manta,Mobula,birostris,Mobula birostris,ray,Thailand,Koh Lanta,"Hin Muang, Hin Daeng",site,2023-11-23,1,2023-11-23,2023,11
mobula ray,Mobula,spp,Mobula spp,ray,Thailand,Koh Lipe,8 Mile Rock,site,2023-11-26,1,2023-11-26,2023,11
jenkins' whipray,Pateobatis,jenkinsii,Pateobatis jenkinsii,ray,Thailand,Surin,Richelieu Rock,site,2023-11-26,4,2023-11-26,2023,11
whitetip reef shark,Triaenodon,obesus,Triaenodon obesus,shark,Thailand,Similan,Elephant Head Rock,site,2023-11-27,1,2023-11-27,2023,11
white-spotted wedgefish,Rhynchobatus,australiae,Rhynchobatus australiae,ray,Thailand,Similan,Koh Bon,site,2023-11-28,1,2023-11-28,2023,11
blotched fantail ray,Taeniurops,meyeni,Taeniurops meyeni,ray,Thailand,Similan,Koh Bon,site,2024-02-07,3,2024-02-07,2024,2
bull shark,Carcharhinus,leucas,Carcharhinus leucas,shark,Thailand,Similan,Koh Bon,site,2024-02-07,2,2024-02-07,2024,2
coral catshark,Atelomycterus,marmoratus,Atelomycterus marmoratus,shark,Thailand,Koh Lipe,Stonehenge,site,2024-02-20,2,2024-02-20,2024,2
blotched fantail ray,Taeniurops,meyeni,Taeniurops meyeni,ray,Myanmar,Mergui,Black Rock,site,2016-01-01,5,2016-01-01,2016,1
oceanic manta,Mobula,birostris,Mobula birostris,ray,Myanmar,Mergui,Mergui Archipelago,NA,2019-01-01,1,2019-01-01,2019,1
whitetip reef shark,Triaenodon,obesus,Triaenodon obesus,shark,Myanmar,Mergui,Mergui Archipelago,NA,2019-01-01,5,2019-01-01,2019,1
jenkins' whipray,Pateobatis,jenkinsii,Pateobatis jenkinsii,ray,Myanmar,Mergui,Mergui Archipelago,NA,2019-01-01,4,2019-01-01,2019,1
oceanic manta,Mobula,birostris,Mobula birostris,ray,Myanmar,Mergui,Mergui Archipelago,NA,2019-01-01,4,2019-01-01,2019,1
oceanic manta,Mobula,birostris,Mobula birostris,ray,Thailand,Koh Lipe,Stonehenge,site,2023-02-06,1,2023-02-06,2023,2
ocellated eagle ray,Aetobatus,ocellatus,Aetobatus ocellatus,ray,Thailand,Similan,Koh Tachai,site,2023-02-07,4,2023-02-07,2023,2
coral catshark,Atelomycterus,marmoratus,Atelomycterus marmoratus,shark,Thailand,Koh Lipe,Stonehenge,site,2023-02-06,3,2023-02-06,2023,2
zebra shark,Stegostoma,tigrinum,Stegostoma tigrinum,shark,Thailand,Koh Lanta,Koh Haa,site,2023-02-08,3,2023-02-08,2023,2
blacktip reef shark,Carcharhinus,melanopterus,Carcharhinus melanopterus,shark,Thailand,Similan,Koh Tachai,site,2023-02-09,5,2023-02-09,2023,2
whitetip reef shark,Triaenodon,obesus,Triaenodon obesus,shark,Thailand,Similan,Koh Tachai,site,2023-02-08,5,2023-02-08,2023,2
ocellated eagle ray,Aetobatus,ocellatus,Aetobatus ocellatus,ray,Thailand,Similan,Koh Tachai,site,2023-02-11,4,2023-02-11,2023,2
whale shark,Rhinocodon,typus,Rhinocodon typus,shark,Thailand,Surin,Richelieu Rock,site,2021-04-14,2,2021-04-14,2021,4
oceanic manta,Mobula,birostris,Mobula birostris,ray,Thailand,Andaman (unspecified),Andaman Sea,NA,2019-03-01,1,2019-03-01,2019,3
whale shark,Rhinocodon,typus,Rhinocodon typus,shark,Thailand,Andaman (unspecified),Andaman Sea,NA,2019-03-01,1,2019-03-01,2019,3
oceanic manta,Mobula,birostris,Mobula birostris,ray,Myanmar,Burma Banks,Burma Banks,NA,2019-03-01,1,2019-03-01,2019,3
nurse shark,Nebrius,ferrugineus,Nebrius ferrugineus,shark,Myanmar,Burma Banks,Burma Banks,NA,2019-03-01,5,2019-03-01,2019,3
